Close Price,Total Traded Quantity,Turnover (in lacs),No. of Contracts
557.85,860905,4860.746581,924
575.15,1338154,7494.96769,1573
604.65,878025,5210.584936,1320
590.9,441898,2647.025061,1012
582.55,551499,3189.036093,749
582.5,629828,3679.994338,751
570.95,745735,4266.24203,987
577.45,578904,3351.81888,2201
599.9,1378607,8231.712653,4255
612.5,2583362,15836.79687,3307
629.65,4213178,26008.9705,3352
635,699623,4464.992784,1006
637.35,777049,4931.365403,1337
658.85,1101122,7236.424294,2602
666.65,765902,5129.561181,1660
659.75,578519,3823.904726,1174
651.2,324459,2132.420822,814
649.6,351471,2281.010544,852
646.95,222745,1446.694149,528
646.6,349171,2265.638157,492
659.5,505701,3336.244789,2858
650,698468,4620.688629,1955
658.65,459555,3000.552511,1139
660.3,614081,4049.420665,1398
684.2,1012879,6919.965402,2845
706.15,1214695,8436.744561,2606
709.7,486857,3449.520055,1151
732.1,542983,3956.797593,1699
739.55,644897,4742.403103,1536
755.75,934521,7045.756791,2436
768.7,982665,7551.85201,1714
764.6,975475,7449.390116,1299
751.5,643127,4846.166141,1129
757.6,1013348,7655.846284,1488
754.8,771698,5735.206644,1268
738.9,325965,2444.251254,877
715.65,364012,2590.351188,798
729.55,375349,2692.102043,864
762.2,666478,5035.789131,1333
759.75,507316,3864.941269,601
744.05,232221,1743.957119,646
820,1316528,10492.4515,3403
886.7,1528678,13200.52283,3682
872.15,1408050,11778.8937,1941
857.1,1122762,9819.838687,921
829.85,717417,5960.898151,679
819,683447,5541.310731,975
868.85,723976,6285.201135,1655
866.4,558274,4849.232266,1458
873.85,614841,5285.505502,2418
926.1,576833,5201.075349,2449
929.05,655318,6159.082623,913
908.35,705040,6518.909035,1414
917.35,261176,2388.780785,490
917.85,489757,4494.672582,1119
932.15,232995,2143.772849,1108
973,1124891,10989.62958,2279
946.4,541088,5276.154879,890
932.45,464193,4408.033736,804
921.05,435268,3974.95671,663
914.2,29478,271.386833,109
887.4,717311,6392.358353,905
945.5,529265,4926.560693,1476
990.65,607929,5972.155404,1464
963.5,281834,2751.385617,747
978.3,157730,1541.210116,517
980.95,536649,5265.453909,388
996.4,863971,8668.39616,1913
943.2,341243,3279.073451,807
918.9,424122,3896.837685,751
926.6,510599,4752.832274,1255
938.6,1967743,18279.49227,1124
932.1,439210,4123.150119,1468
905.7,390065,3594.511503,840
918.85,669531,6156.832461,1585
930.65,708034,6626.178119,1024
942.35,362046,3418.492471,740
944.3,520994,4936.562425,748
940.1,410243,3857.619466,760
923.2,501034,4668.525731,1014
938.55,295607,2763.79149,641
939.65,193147,1813.860123,517
941,451633,4265.911411,891
942.05,1026354,9656.66335,1371
972.2,922034,8916.474539,3254
994.65,1740002,17116.44179,3513
984.45,595392,5929.050944,1924
952,780477,7490.632831,1615
939,435856,4137.140828,1199
933.85,317888,2982.084137,1888
953.25,469184,4421.184529,1125
970.95,357797,3445.557172,1392
956.4,509643,4935.301853,2312
975.55,354947,3456.874146,1272
970.45,180153,1755.183701,733
972.55,144716,1411.274173,833
1034.65,737266,7547.350554,6186
1035.85,512466,5336.95289,2777
1054.9,714826,7497.615612,3899
1090.15,620886,6711.992969,4745
1065.75,644453,7031.064973,4057
1095.6,1036253,11340.59431,5399
1089.15,945450,10457.91649,3592
1169.75,1314561,14969.31707,7522
1268.15,1639922,20029.91133,8381
1196.55,1280499,15431.33666,4227
1156.7,893945,10447.28105,2318
1162.05,707204,8176.877592,2764
1116.15,619324,6951.475449,1935
1060.65,481688,5162.91393,1527
974.6,727925,7274.224102,1247
1015.7,914760,9305.062561,2217
1002.2,1367278,14328.6311,3967
1097.75,696260,7691.922861,1939
1141.45,379140,4104.956735,1719
1146.2,865706,9854.673511,2354
1105.45,524200,5786.402857,1043
1120.8,875349,9754.740529,2866
1085.15,1550308,16834.54572,2295
1088.95,671293,7376.065495,1341
1059.7,398194,4260.88815,1255
1084.65,497608,5277.509668,1546
1034.7,520689,5497.622218,1150
983.65,520213,5219.938066,1117
930.75,679096,6369.695331,959
990.6,977860,9386.479698,1832
967,650497,6396.915046,1257
993.2,542421,5367.655442,1006
1029.4,465098,4692.84934,1509
1050.9,615921,6439.569748,1421
1038.15,399273,4189.659692,1005
1006.1,316309,3186.063864,1017
1000.7,311771,3125.466664,1086
971,412064,4006.10659,3778
956.8,509108,4864.199002,3302
960.8,336799,3253.821653,1111
992.85,551430,5474.659517,1939
1009.55,555678,5545.606367,1889
1022.55,597013,5926.111919,1768
939.45,414872,3979.509793,1396
910.9,954108,8651.620747,2449
896.6,872009,7814.913265,1776
840.85,1023885,8552.89803,1892
806.7,2043081,16357.328,2582
836.15,1106268,9100.311923,2247
864,748561,6496.426149,2396
806.6,1062500,8531.479109,3367
860.35,708255,5872.099725,1536
793.8,1108876,8821.540352,2258
782.55,1326338,10319.28183,4453
753.35,1888980,14438.19938,4155
724.95,1278566,9353.396097,6518
790.95,1397431,10987.86119,9035
828.8,760134,6288.124762,4000
792.45,910845,7266.303033,4206
807.2,1091339,8664.774498,2328
789.85,1874610,14503.3433,3746
721.65,1664973,12293.73191,3184
744.6,1852360,13913.04074,3032
744.2,637287,4692.164118,1792
714.45,1018127,7314.740089,2363
751.15,1072531,7849.440059,2481
758.75,1050992,7998.991939,2342
797.7,1057834,8238.105935,3970
777.95,1210718,9667.050927,3570
759.95,1028093,7923.903039,2589
773.4,1750510,13378.65266,2669
785.75,591973,4634.44087,1374
824.4,2335954,19439.13441,4463
881.55,3394017,29081.07427,15053
909,1941696,17685.56188,7275
897.2,1015437,9036.831934,6392
898.55,1147765,10278.24771,3374
907.7,1010683,9167.75704,3882
918.9,729753,6681.78384,2538
945.65,1747201,16224.93449,5794
923.55,1741905,16032.17053,3318
935.65,660374,6170.840677,2046
946.75,1125528,10716.02725,4557
948.1,1503771,14224.09745,3763
907.45,1536455,14013.40576,3553
863.2,1358931,11889.26269,3285
835.85,1506352,12834.71213,3566
877.2,1711627,14648.98132,3816
869.2,1341735,11936.63276,3939
862.5,1099749,9515.171147,2573
893.6,1048251,9331.023544,2908
900.05,851855,7727.023648,3245
869.35,1004625,8741.494573,2468
869.75,1057469,9133.947433,3370
828.6,1408038,11779.22995,2648
799.45,972939,7950.670014,3436
762.9,905677,7008.44933,3060
738.75,1441209,10745.60803,5676
810.2,2119177,16613.24002,9420
783,1553751,12358.26689,6622
793.25,2620850,20148.56463,4940
749.35,1246821,9555.658209,4069
757.4,1303437,9763.724607,3974
736.8,1289757,9771.005524,4407
770.9,1439640,10793.43462,4158
760.55,1335669,10253.94844,3516
703.1,1956217,13864.40762,4383
681.5,1589382,10953.11659,4095
705.8,910020,6381.591169,2969
714.35,1311425,9226.22714,4375
704.5,1527414,10962.20882,4866
735.75,1822054,13238.70647,4606
794.5,2196545,16843.51629,7869
750.5,3052176,23320.50237,7814
718.1,2112724,15278.053,5422
703.7,3090066,21960.05448,8234
697.15,1915465,13241.5929,5851
678.65,1436950,9898.99516,6479
685.05,2723216,18315.243,9729
678.2,1980763,13531.87839,9265
628.6,2409279,15278.12959,5642
605.05,2235984,13482.18215,5710
593.85,1889999,11237.27244,3972
634.45,2156295,13092.52465,7117
580.2,2431551,14159.19518,8468
600.45,2182168,13008.12822,5987
603.95,1702307,10515.42298,5305
606.95,1978960,11739.57666,5266
669.1,2390756,15590.10054,8017
678.45,2080990,13732.7467,8632
665.25,3488851,23489.18205,10756
634.35,5220498,34413.71565,23440
597.1,5101472,30295.82128,14476
584.45,3146440,18672.68871,7879
635.45,4875604,30343.00067,11037
685.6,3502093,23633.8291,10880
697.4,2660235,18359.10325,5232
735.05,3676843,26607.6765,9601
763.65,3202964,25050.31993,6523
760.3,3145833,24213.07354,7744
712.85,2216559,15961.8305,7066
697.3,3075051,21685.98095,7546
619.7,4701293,29988.0838,14430
679.25,4372760,28733.75611,16337
653.9,2739194,17953.35235,9599
679.9,3578762,23686.72996,8429
706.05,3269621,22904.67344,8314
760.55,4498341,33498.52269,12350
743.05,4280259,33090.35789,12131
746.55,2112731,15878.49117,6472
735.15,4538510,32837.86317,12387
759.6,2407400,18338.43026,7071
720.55,2771302,20304.08192,7569
725.1,3900862,28153.52339,9598
700,4291347,30041.32952,11146
692.5,3388626,23617.1177,7554
679.8,2537770,17252.18504,6703
673.8,2487210,16947.11196,7312
649.1,1994820,13078.09942,7656
679.85,3158464,21067.77987,11236
685.6,2373952,16540.27585,10580
679.65,3396473,22866.32091,14774
677.35,2611009,17851.0178,13259
670.55,2167216,14617.43732,11446
723.4,3815226,27169.4186,12799
722.9,3106116,22058.98174,10344
759.85,4811867,35929.51457,17844
734.2,4146548,30784.85675,15870
687.25,6016197,42064.85551,17383
711.25,4460463,32029.14963,14311
710,3140833,22153.09011,13406
710.45,3689284,26294.06217,15561
704.15,2511110,17702.14245,14977
692.55,2591494,18150.10581,12304
656.9,3244552,21068.46033,13908
695.8,4110999,27519.72904,18029
666.45,3876136,26390.07312,17436
678.6,4606352,30945.53022,17678
708.55,3972330,27955.93265,14894
704.9,2606788,18538.91671,10213
683.35,2402402,16672.26082,11823
710.2,3640893,25467.42915,13167
721.4,4270445,30694.2756,16847
705.1,4739740,33848.50108,13104
671.55,4812453,32647.14701,15373
720.25,4547450,31578.3118,17162
734.6,5478770,39755.42832,15148
702.3,4605365,33292.44995,16521
678,2783251,19190.6237,12810
682.9,3811683,25947.13554,17001
647.75,4167456,25845.3852,17324
552.6,4547291,26732.14085,18370
659.95,4472423,28141.54233,14898
639.05,5151585,34481.89943,16532
618.8,4108439,25469.32288,14839
626.25,4252304,25630.86244,17345
620.35,3857142,24355.9079,14449
617.9,5020890,31445.45184,14034
656.5,3934153,25351.00576,14494
631.2,2669243,17154.52456,21033
622.4,3385081,20892.73945,28792
538.85,4314310,24324.6519,29280
534.55,3211069,16112.50974,18641
570,522464,2950.496443,3096
526.85,4443543,24071.53243,30484
562.95,2949632,16224.7172,11585
602.2,2808227,16726.03159,9425
640.45,3510260,21844.04734,12165
604,3768257,23762.5904,13051
582.7,2941701,17299.60026,11869
581.6,3627601,20729.31781,13207
608.9,2839790,17026.48977,9952
564.05,2173945,12479.84018,9243
525.3,2689984,14628.25912,13119
492.95,4659572,23451.9004,14762
456.65,4046313,18424.5542,18375
437.75,4155360,18071.23578,16631
427.55,4652182,20928.10272,19169
405.45,3131567,12716.2637,16535
411.5,5421573,22048.2672,24080
397.55,3597837,14464.68928,18385
376.55,3749504,14757.51516,26616
404.45,5563298,21240.44254,33766
408.5,4059970,16343.1925,16155
413.05,5981239,25262.12924,14981
429.1,5004986,20533.21659,20617
433.7,3647846,15789.23995,11849
455.2,4903899,22147.33386,17069
443.05,4162259,18950.8012,13512
451.95,2679101,12244.32976,9347
462.8,4641401,20972.13193,14308
457,3398607,15782.8061,13552
468.8,2990757,13583.31981,12890
486.2,2585591,12532.8307,8238
500.8,2964944,14728.30677,10471
497.6,3120588,15801.16351,13972
537.2,3678769,19036.64476,21584
546,3518637,19345.11188,20071
537.5,2073569,11301.2854,11852
499.5,3410146,17270.77915,23030
490.75,2864147,14023.44134,15147
482.8,2151638,10676.12369,5930
494.95,2720951,13169.74988,9216
510.25,2858087,14467.00722,10813
504.7,2495475,12784.59034,9138
516.85,1408190,7264.56185,5559
541.9,2852253,15266.7921,9429
560.1,1833121,10258.37529,7047
569.75,2578771,14666.15868,13224
522.1,2114311,11485.65076,12555
486.6,5034621,25451.99003,26865
451.7,4509390,20735.7862,17285
440.3,3051583,13565.3657,10105
449.4,2406971,10780.70477,7411
434.05,2386027,10274.43663,10344
443.55,1857294,8222.86227,6015
438.3,1588517,6988.38964,5976
422.4,1222309,5164.358056,4684
407.7,2072238,8619.719231,9675
416.05,1689063,6976.517994,9489
384.3,2893547,11470.25174,15830
394.75,1758321,6876.407286,13637
422.85,5203476,21152.45457,28381
435.65,3040706,13277.60403,15462
433.7,2129428,9127.746513,10424
397.85,2197560,9042.866935,10917
395.5,2191885,8745.364993,9162
395.15,1914021,7669.62575,11453
392.3,2019907,7879.011728,8766
403,1658792,6670.007807,8742
422.45,2482162,10365.02847,9139
421,2271332,9683.494722,10617
430.95,2685967,11372.96984,13248
430.5,2468647,10629.96065,9190
440.4,1669183,7351.456503,5881
418.8,1816911,7658.316921,10008
399.15,2628976,10582.52412,17587
394.25,2241951,8826.367462,22358
388.45,2177443,8524.313959,14294
372.7,2054951,7686.14299,18002
363.65,2587693,9395.583722,20030
366.05,2222019,8201.357185,12724
346.3,3265631,11442.58945,12535
347.9,3082977,10613.43411,4218
323.1,3268078,10709.84486,6356
324.9,4506689,14758.37083,8123
322.15,3898349,12674.24257,6891
300.7,5192278,16184.73868,8977
294.95,8665757,25871.88204,13099
281.4,3612891,10294.60333,7787
304.5,5253983,15554.46851,10488
329.9,4381546,14181.69829,6655
342.55,5814820,19823.76801,11088
325.5,5128623,17091.95504,9616
340.7,4897697,16735.20135,8759
358,5603741,19665.04526,12061
342.4,4891086,16975.74003,10008
373.65,4808782,17431.95304,10472
371.95,6089281,23527.8583,14594
398.1,6500122,25101.67213,14641
421.4,7610088,31752.73822,12993
431.05,5796734,24822.70206,7316
397,5067237,20511.63425,8270
414.95,9739763,39339.10109,13312
418.15,5271983,21810.47499,8437
439.6,4103869,18158.02012,6339
435.25,5554676,24509.15901,6735
443.55,5843471,25160.46107,7003
445.6,7968136,35651.92125,7899
461.85,4851315,22528.11177,6529
504.2,6760323,32293.23931,8904
472.1,6899033,33901.05211,9796
503.25,5750211,28720.06486,8630
509.85,6396039,33154.66382,8822
493.95,9574494,46842.61402,13910
472.15,6601603,31995.62075,12357
502.05,6452001,31403.70098,12399
529.6,6924508,36146.41571,9381
557.5,6682034,36712.69404,13531
530.7,6507252,35443.20207,16642
557.3,4968188,27242.76006,8765
609.35,4794343,28394.91551,6312
627.35,6586596,41225.51047,9613
605.25,5337630,32681.65502,9124
624.75,2765313,17146.54559,5102
607.25,2787975,16973.66042,5646
620.35,4915809,30385.28673,8738
669,5882766,37938.89127,9885
671.7,6144979,41567.93797,11087
637.55,6493362,41337.37378,8333
659.6,4254524,28094.14791,6728
778.4,68811,529.7190515,150
764.8,6695326,52981.27564,8094
728.55,4193876,31468.71515,5812
736.2,4272377,31512.30302,7689
762.85,3561757,26671.34836,7009
774,2033607,15626.31797,4398
744.75,2061084,15582.42851,4573
797.75,2616496,20489.31332,8867
782.05,4611067,36222.39243,5797
778.95,3449748,27417.54431,3307
741.75,4944838,37097.93217,4839
719.9,6324978,45817.44363,6872
717,3992532,28878.80712,4611
734.85,4921815,35352.36637,6088
738.5,3840172,28425.47044,5247
698.2,2250126,16086.37259,3430
726.05,2810991,19992.26078,4190
752.5,3495583,26128.44024,5254
726.6,2502959,18351.94446,4172
703.75,3255234,23614.28534,4228
718.4,3618787,26063.00643,4798
759.65,3356419,24796.30089,4881
721.6,3157794,23677.15509,4339
733,3995297,29059.60267,5818
756.15,2662719,19742.73848,4360
765.8,3361744,25910.30443,6220
749.35,2454702,18168.16662,5684
768.85,2073492,15694.74315,6880
778.55,3150564,24594.94999,5790
818.05,3000075,24125.10802,7455
867.55,6521782,56522.82259,16149
832.25,5084110,43467.73799,12726
869.4,4307515,37031.74282,11004
853.7,2849103,24349.39431,7910
873.35,2619210,22676.0386,5967
794.4,3011859,24965.57532,7898
816.75,3693980,30000.59654,8589
786.5,3625169,28684.87224,10673
764.95,3763368,28855.20466,10472
738.25,2998644,22913.49195,7163
755.4,6939636,51100.36416,19081
763.2,5447948,41909.75121,12964
788.7,4166519,32354.63101,10321
798.65,2972234,23707.83939,7342
851.1,3553744,29725.39065,9845
886.35,2630380,23045.1111,7837
884.4,2965450,26050.63254,7445
860.7,2987110,26356.62647,8602
893.95,2943393,26100.02657,8079
893.95,2463152,22017.87682,6828
938.35,3483223,32356.33948,9481
956.6,3929112,36993.03407,15140
917.6,3140490,28823.7807,17184
920.6,2419222,22111.28361,10763
917.15,2309631,21450.2759,6350
921.75,1799971,16568.56561,4728
894.7,2384269,21535.88999,8305
851.85,4668572,39967.67598,11198
845.6,4647346,39939.42186,9010
814.65,3439692,28437.85561,6690
843.3,6290501,52251.66292,12992
869.9,5207964,44708.12135,10638
870.4,3104155,26582.4001,8045
877.35,3101983,27235.46642,6832
870.1,1724582,14987.91958,4636
828.05,2322296,19533.3951,5631
831.1,2434754,20280.24126,6142
820.9,2453892,20123.63839,6472
845.35,2236495,18735.213,5766
882.45,3529873,30441.89211,9043
909.7,2365553,21408.82316,9545
916.5,2413623,21959.06385,14404
933.2,2233685,20711.40243,10216
922.75,1926701,17893.44683,9642
918.85,1435130,13133.8686,5499
905.3,1468028,13255.74453,5368
892.7,1634893,14773.48875,5702
889.2,1184260,10577.30062,4136
888.6,1267286,11391.39546,4318
907.25,1106782,9976.775457,4384
932.6,1827208,16968.34433,4205
905.25,2153427,19780.65015,5576
915.35,1421502,12957.36462,4436
909.3,1993240,18225.78405,6893
902.9,1714606,15477.30551,4509
895.65,1387168,12458.31335,4207
909.65,1597080,14520.63213,4733
907.65,1221629,11126.03537,5821
911.85,1732900,15910.76016,7703
913.85,3443387,31369.18318,10840
909.95,1157697,10588.44679,13642
920,3352380,30918.34478,12746
919.75,1701913,15601.50346,9673
914.8,1419399,13061.76936,3481
926.3,2001189,18470.61431,3820
985.15,9047510,87170.31388,17735
1009.3,4823998,48565.57024,12276
969.1,2703356,26457.43438,6268
998.85,2420947,23816.79439,8077
980.65,2439662,24317.819,6643
1009.85,3410048,34323.33126,10068
996.45,2947124,29597.94317,7985
1013.45,2524307,25517.02831,6391
1032.4,2295984,23638.22664,6029
1006,2099956,21207.99561,6459
1006.5,2846080,28646.92562,6298
1011.15,263363,2668.74866,1118
994.3,1814083,18243.90183,6214
977.05,1748723,17174.18197,4496
966.15,1319687,12837.94836,4975
994.05,1660805,16455.45381,6641
967.9,892198,8737.887535,7360
952.3,3606870,34330.27485,13984
928.1,3041770,28689.21262,13161
907.65,3527058,32164.76097,10984
907.4,2180396,20270.07683,6347
894,2328666,21042.14996,6588
924.1,1892153,17231.20118,5890
916.1,2208008,20056.43783,6225
937.9,1886150,17675.49549,4530
998,3972105,38908.88969,9834
996.4,2410118,24221.03912,7662
1005.2,1613098,16175.78736,4842
980.1,2818891,27833.05239,5272
996.1,2445241,24207.21614,5451
1001.25,1766271,17734.94482,3709
1002.2,1316582,13084.02128,5166
999.15,1017601,10173.85209,2925
986.55,1170092,11624.22489,4283
992.05,1850679,18103.73399,6042
999.4,1103670,11059.53696,9291
1000.1,1194076,11889.61144,5292
1016.65,2390116,24221.36378,9092
997.35,2711776,27628.63088,11439
971.2,1831950,17599.20569,6496
999.4,1468304,14680.74831,4614
1036.85,1674234,17189.88874,6654
1047.45,1613711,16858.74247,6220
1049.6,1128898,11885.72213,4601
1027.05,1003950,10356.48269,3994
1009.05,962491,9781.471395,2662
1039.7,1764977,18141.72998,4989
1015.85,1053088,10736.78291,3481
1021.35,1370556,13946.21993,4889
1003.75,1159922,11730.11467,3756
994.65,1108154,11098.49341,3414
959.7,1935976,18909.813,5508
937.25,2996210,28304.87346,6975
941.75,3004119,27976.74655,7689
934.3,1531195,14419.50995,5012
954.3,1712535,16202.61204,8474
970.2,1649671,15983.46007,6882
982.4,1321535,12921.96354,6415
987.35,1024785,10101.97379,3856
984.75,710957,7038.098557,2692
981.4,1011654,9893.14713,5432
989.2,1247008,12322.48319,5144
992.1,874302,8687.669207,2090
1012.8,1525876,15441.29676,3861
995.8,1190717,11936.75134,3332
1002.85,992905,9923.541313,2903
1015.95,1586285,16031.77642,4319
1049.4,2019301,20980.23096,6394
1049.3,2870381,30221.91033,9842
1040.3,2100740,21770.56179,5220
1066.1,2149282,22914.59508,6635
1077.8,3272539,35303.31348,9143
1107.65,2006720,21973.14624,9536
1105.75,1613897,17804.37524,5397
1083.75,1316969,14376.60868,4465
1061.25,1462619,15544.11147,5522
1031.65,1455147,15118.14085,5596
1018.7,1048612,10650.18155,6446
972.75,2425515,23816.25319,10782
1018.8,2869552,28831.98388,12460
1025.7,3078497,31325.70087,9524
1062.55,2136090,22327.2993,5886
1037.3,1776677,18599.63583,6671
1071,2652143,28157.19228,8232
1048.45,1317167,13931.33558,5464
1025.7,2442482,24728.84434,8635
1030.75,139372,1436.256391,825
1022.7,1485293,15192.19554,5935
1038.55,1845165,19162.20465,7465
1024.65,1657271,17117.08417,5668
1033.2,815759,8458.256798,3974
1028.85,909866,9384.996623,3211
1026.15,1327251,13599.34186,4261
1067.3,2273282,24062.45764,8455
1098.5,4971386,54475.35669,17365
1094.5,2771256,30134.87987,12004
1107.45,1743098,19273.94598,10463
1098.15,2249941,25130.08476,15544
1093.8,1720318,18748.74725,14317
1096.25,1547763,16927.01893,13174
1124.5,1623356,18156.90767,7495
1155,2992706,34678.92919,6576
1148.9,2273136,26300.40407,5348
1121.65,2223723,25016.03042,7376
1103.35,2632950,29322.82098,8046
1129.3,3179385,35578.03379,7439
1117.65,904991,10109.45988,4147
1131.5,1239377,13986.51155,6032
1151.35,1809188,20741.34098,6086
1151.05,1948477,22478.55825,3901
1142.7,901565,10297.8655,3595
1144.9,1345188,15346.75136,3488
1149.2,2425033,27848.73902,5047
1163.8,1537854,17911.01946,7738
1156,1226644,14183.22192,4906
1146.5,1098538,12530.00222,10671
1161.95,1252603,14562.49749,8391
1154.8,1513156,17496.68664,9494
1193.25,1805457,21218.94804,7382
1198.95,1205706,14521.93115,5228
1173.1,1066027,12656.24926,4307
1168.25,707646,8277.482871,3689
1173.55,763263,8968.059664,2654
1177.1,839008,9846.552732,3956
1174.55,860496,10108.01594,3248
1164.3,3690875,42927.63944,8173
1156.75,1348153,15605.90105,3609
1183.45,2559419,30175.54916,5756
1176.9,1434505,16900.09573,3440
1157.6,965174,11209.82833,3123
1148.3,1430556,16525.78781,3727
1148.4,1124542,12922.60616,5199
1159.3,1225933,14103.86885,5130
1187,1799670,21211.90043,10420
1237.4,5209435,64447.5132,17096
1224.95,2760682,33928.44338,10935
1235.9,1144011,14101.53011,6089
1279.6,3365369,42888.388,10542
1276.55,1426990,18228.07731,9547
1254.1,1220141,15374.76457,9552
1274.1,2642086,33687.24114,14269
1270,1112086,14150.32895,3768
1260.5,467664,5894.23837,2624
1249.45,1667415,21230.86081,7102
1241.3,1345301,16658.44286,6978
1233.95,842449,10394.22568,5523
1191.15,1811023,21649.40775,7144
1249.45,1598755,19776.94851,4751
1259.35,1815840,22988.85993,5865
1289.9,1813674,23202.30061,7381
1311.55,1994635,26175.40119,6584
1295.75,3799625,49159.40435,8713
1262.2,3377258,42185.8646,9452
1254.7,3319599,41692.69484,5440
1205.05,2397393,29232.76265,8940
1207.95,2308754,27814.02379,11875
1215.65,1764687,21151.41588,8377
1198.35,1017191,12394.0417,9130
1163.9,1544617,18052.7049,12549
1156.9,2861383,33380.59893,11909
1215.8,2701512,32117.31489,15342
1225.35,1549420,18929.17992,6111
1232.35,932554,11401.37128,4212
1181.7,1786082,21384.54044,6918
1201.15,1307410,15556.49949,5690
1242.3,1482919,18264.04343,6256
1245.45,1454459,18176.70759,5293
1214.8,1424594,17227.25114,5940
1226.2,1681502,20671.04204,6655
1239.65,1562542,19410.62463,6191
1248,1363598,16825.28912,5753
1245.8,1405607,17514.08569,4830
1256.5,613978,7687.063204,3776
1245.25,661876,8221.451039,8162
1220.6,1357457,16625.62461,6328
1215,2225281,26866.88869,10838
1211.5,2554189,31037.81463,6779
1247.3,1405672,17474.79079,11196
1235.65,969098,12065.60149,14117
1249.4,1076305,13396.54659,13131
1263.2,1841464,23189.03783,13504
1249.1,1307561,16453.9473,10225
1261.95,796613,9992.039254,5308
1240.65,1079879,13463.90804,6665
1242.4,1430782,17688.6459,7055
1233.65,1167934,14330.72123,6455
1237.2,485624,6027.730639,4582
1235.95,419595,5195.209467,2737
1253.3,877356,10986.12593,5428
1237.05,864282,10734.70608,5854
1241.55,918276,11469.29884,4673
1273.1,1096803,13899.56876,8079
1288.3,862435,11057.25135,8112
1299.7,760940,9841.120755,6594
1314.45,1695095,22309.5778,8811
1350.3,3188853,42583.97281,26176
1357.15,2303112,31231.03727,11835
1360.8,1461949,19853.44574,8408
1368.95,1610253,22144.245,14036
1347.15,1164255,15702.44451,10607
1356.8,1492124,20232.96927,17579
1389.95,2438091,33727.82059,15583
1385.85,1113190,15402.10353,11679
1374.45,1626816,22454.75912,18897
1349.95,1400048,18974.37946,18879
1365.6,1509004,20498.82207,17484
1343.45,932237,12606.96428,7098
1350.75,944754,12752.60549,5639
1356,990716,13495.11058,7153
1331.4,1180571,15783.67709,7396
1316.6,1346929,17891.02215,7040
1314.3,662095,8746.219747,4947
1309.8,1572650,20551.12227,8097
1294.9,1348168,17564.1369,6669
1289.1,1324664,17045.73302,7261
1315.6,1195305,15580.77122,10874
1328.2,906967,12055.02903,6339
1336.6,995518,13279.74105,7043
1330.75,915432,12199.74178,5161
1353.25,1261419,16837.53512,9857
1363.55,936843,12703.43431,10773
1367,924946,12635.22308,7534
1381.25,730367,10035.82336,8925
1372.15,1083054,14831.48441,13044
1361.7,1315601,18008.45124,18760
1367.8,1437661,19626.53812,14875
1326.95,945253,12776.76685,6401
1323.95,695831,9264.610192,4478
1330.65,863702,11368.94676,5819
1354.1,906996,12191.52775,5813
1388.05,1595855,22052.29527,9772
1379.65,702622,9683.836618,5349
1394.65,1011487,14117.55612,7239
1397.5,844266,11749.21869,6440
1381.25,1031056,14237.98344,5857
1379.4,773143,10653.22015,6819
1426.2,1289414,18306.91878,10918
1426.3,1205896,17160.86588,9098
1470,1692129,24666.75026,10355
1484.8,2014018,30045.86183,13760
1506.5,1286639,19310.72421,7063
1546.85,1429001,21631.88526,8663
1530.75,2091577,32379.38279,12395
1529.7,1529892,23409.15972,7610
1495.25,1661075,25126.61218,7722
1506.85,1726942,25787.26064,17515
1507.15,898073,13588.66275,10497
1505.3,1397148,21019.82048,10563
1510.4,1287923,19445.44991,10645
1536.6,2183657,33323.81492,16132
1574.85,1062768,16611.85391,7348
1577.1,737526,11668.63251,5119
1575.3,866991,13706.12431,4270
1562.25,1356451,21313.27241,4748
1568.7,971865,15265.72868,4881
1570.35,1166059,18299.45104,5423
1550.85,2004183,31439.07069,9871
1543.2,849853,13062.43252,5249
1588.75,1027258,16171.99749,7385
1563.9,1901910,30190.95562,15635
1502.05,2506589,37994.13623,11575
1481.95,2240881,33033.19923,11075
1468.5,1640561,24256.12003,13625
1455.2,1050854,15384.92015,6910
1506.3,1934851,28828.20952,13067
1464,926228,13675.53305,6612
1464.55,939280,13843.02167,8927
1459.5,883939,12922.47308,7652
1447.05,702438,10164.97889,12294
1444.8,1935296,28114.9011,16587
1471.05,1209283,17588.15371,7556
1513.6,1028011,15499.62065,8962
1526.6,1013100,15465.94661,6387
1536.1,532916,8182.411645,3213
1544.4,533182,8243.055506,3298
1549.85,73352,1138.273499,565
1555.9,1296521,20264.52434,6273
1562.3,772011,12004.67492,4111
1543.4,700695,10855.71098,3416
1522.4,633559,9753.926447,4591
1492,908959,13626.30636,5854
1521.7,646911,9818.480334,5198
1469.15,1447541,21322.85964,9050
1426,5100637,72789.91258,24155
1384.7,2683260,37486.95709,14492
1430.6,2764172,39075.82447,15488
1421.7,1414827,19856.52345,13587
1384.8,986465,13931.93387,14570
1342.9,2293068,31118.75925,14974
1330.9,1470206,19571.2617,10305
1329.1,1094087,14571.38825,5306
1366.85,1306098,17733.93593,10253
1424.45,1101487,15492.02197,7793
1455.35,1329574,19136.96394,8497
1406.15,1603168,22603.14734,8834
1382.45,937766,13129.42149,5943
1324.5,2431914,32268.39006,11215
1251.5,4293576,54516.28713,16519
1245.75,3133521,39924.82068,18037
1323.55,2103044,27345.78864,13765
1320.65,1774092,23449.3984,11193
1303.35,2513689,32724.34552,12328
1297.6,1995674,25953.5692,11258
1309.35,1938887,25317.64955,11226
1270.9,1471260,18848.28003,9344
1318.35,1862798,24406.25691,12051
1311.65,1171119,15415.95924,7519
1314.1,566107,7436.972814,4869
1322,518834,6821.331559,6275
1316.6,415449,5477.302048,5329
1288.9,714182,9262.693997,8823
1312.4,788582,10297.55637,9668
1333.8,1410092,18671.57291,13273
1350.1,902611,12181.78316,5044
1367.65,1053220,14338.84722,11542
1347.95,1383815,18743.40386,6312
1310.9,1749878,23035.3705,7515
1305.85,793434,10373.03733,5957
1280.65,2409583,30923.42942,9962
1254.6,1614057,20652.05895,9819
1300.2,2508622,32294.61646,11356
1313.35,2592040,33855.9304,10596
1265.45,1144848,14739.21851,9068
1201.6,2692770,33213.65245,17279
1229,2063871,25308.64182,15058
1278.25,2940254,37449.00284,18244
1280.1,1591785,20427.63873,13333
1285.1,2582837,33199.77445,26951
1287.05,2037127,26178.50199,8822
1325.75,3262159,43336.87281,15077
1297.2,2648349,34958.50016,19406
1298.95,2875539,37804.62158,15155
1253.5,2604734,32914.04278,10692
1242.2,1944281,24226.98125,9462
1242.65,1620065,20188.18412,6953
1225.05,1709919,21051.34513,9276
1256.35,983587,12273.02373,7767
1222.6,1810354,22458.54233,10426
1228.55,982536,12082.00955,5609
1190.7,1266946,15197.63232,7024
1160.65,1759397,20658.03685,10611
1165.55,1883525,22035.4547,10309
1221.7,1441279,17192.52735,9148
1270.05,1310413,16432.76019,6824
1274.8,1399151,17787.39511,8662
1296.8,1648304,21323.96287,8628
1317.5,1475778,19331.01481,10817
1296.8,2099458,27615.45406,13410
1306.95,1077947,13994.93355,9542
1264.65,1025733,13062.46201,12180
1255,939210,11879.82202,11703
1190.35,2009530,24310.38831,15578
1232.5,1679658,20414.40351,9012
1218.55,1839901,22930.43893,13461
1288.8,1411011,17916.76937,10192
1309.8,2269095,29275.03071,18983
1328.3,1629482,21642.68705,10055
1283.4,1115941,14318.52732,9163
1311.5,986796,12865.08837,6819
1300.95,1333258,17455.72176,8486
1285.05,694119,8902.455167,6245
1265.7,1268319,16149.32509,8186
1290.35,968755,12437.87464,6635
1282.95,1490386,19084.35376,10362
1318.6,1492511,19610.41706,9422
1291.1,1689672,22014.30775,12173
1269.2,1549179,19746.30666,9376
1279.35,588554,7514.077571,6257
1295.9,775686,10044.00573,6358
1315.4,924235,12099.7085,6657
1319.45,1208316,15959.83524,8229
1364.95,1947999,26359.53038,14042
1384.25,1456980,20158.57302,8496
1422.15,2493596,35198.71591,16013
1426.45,1174433,16719.21609,12123
1403.85,2618567,36959.39584,17244
1407.75,1069318,14935.722,7115
1432.1,1091468,15587.56206,7824
1424.75,1007374,14335.88351,7807
1428.95,1694291,24198.83826,8803
1445.75,1257062,18124.48808,9622
1449.7,1565244,22655.63941,8712
1409.85,1577093,22347.00552,9630
1438.3,1172077,16705.85032,10281
1429.9,1382505,19846.25319,8903
1389.8,1421665,20059.78764,9671
1409.35,861105,12079.33185,8371
1448,756970,10848.51224,9842
1447.55,984845,14259.0558,7856
1377.3,4101749,56902.63599,33037
1356.35,2818608,38176.26807,19807
1343.85,1927097,25929.47624,12667
1333.7,2127035,28487.80291,16750
1286.6,3098248,40188.17537,16275
1276.45,1873540,23915.49567,11071
1230.4,4423229,55148.10062,23419
1235.6,2835837,34962.83652,16518
1209.85,1652077,20193.14711,11172
1258.2,2316334,28823.46217,14646
1237.75,1015377,12616.14036,8754
1228.7,1482566,18241.07091,8883
1228.25,1655062,20415.52781,8748
1205.65,1302309,15862.54638,9841
1244.7,2002243,24864.25153,16387
1224.4,793289,9725.04074,8987
1219.4,1143355,13965.37411,9590
1217.95,1296354,15759.07464,9357
1214.65,707675,8600.141654,6622
1220.9,1253819,15313.20251,10103
1188,1519123,18140.28119,14955
1202.4,1259326,15133.23257,16725
1181.65,1327550,15715.094,16512
1208.4,1261162,15102.78992,20706
1220.6,1634164,19911.86786,12254
1245.25,1199619,14863.33528,8615
1282.5,2182281,27745.04312,11828
1278.25,792282,10133.0661,8058
1273.75,867797,11037.26467,6644
1242.75,1413508,17794.66693,10587
1235.45,1886949,23135.94398,8162
1244.65,1043816,12980.85536,6880
1228.75,1382341,16961.58392,8519
1246.4,1049055,13022.44888,9084
1235.15,812045,10026.13675,6859
1233.3,1111075,13646.36744,7678
1260.05,1054703,13205.94767,8421
1224.4,1256065,15564.65691,9195
1217.85,2721246,33091.6611,12699
1222.55,1261081,15449.75385,8211
1226.4,1426140,17474.68812,9996
1241.85,1295258,16131.99848,13153
1254.65,1429712,17948.94597,10953
1244.35,954141,11866.42806,7343
1272.25,1089884,13835.68408,13115
1306.4,1751561,22705.57925,11174
1302.9,1376817,17919.57763,12216
1293.55,1337460,17394.70914,15285
1289.55,1511499,19516.03731,12535
1309.15,855494,11148.16654,6836
1334.2,878836,11659.96182,6838
1327.95,780888,10361.29616,5345
1310.15,538234,7081.594928,6314
1331.7,574084,7599.788597,5579
1305.95,854488,11259.69521,6038
1263.95,1286456,16388.76574,9804
1266.4,1443199,18155.01761,10032
1271.8,960276,12241.25825,6196
1279.25,814482,10434.14897,8546
1267.9,557960,7090.110163,5929
1262.5,794889,10019.30944,4845
1273.05,710784,9041.012024,7137
1262.65,936200,11880.25161,6650
1239.6,2440745,30306.76112,9538
1296.9,4217583,54194.65109,42730
1337.25,2430128,32206.68344,20329
1319.55,2190303,28920.22883,22835
1300.5,1429725,18620.60067,15670
1301.5,1353005,17548.4999,14653
1337.5,1850972,24533.86657,12011
1353,1226610,16645.34942,7378
1342.8,970086,12941.66085,7026
1301.15,1833923,23886.09943,11632
1285.95,1569675,20359.33283,11218
1242.05,3125692,38417.66499,16681
1235.45,1660178,20468.79183,12614
1205.2,3618186,43637.64412,17302
1250.1,1903396,23642.14212,10779
1210.85,1869862,23018.26656,11242
1209.25,1596146,19378.68479,10318
1212.45,1436900,17501.34011,7091
1169.8,2164821,25700.51856,15531
1109.25,2586649,28929.49927,21548
1069.6,3193210,34200.44043,21205
1051.1,2498301,26117.30599,23729
1083.55,2538610,27380.33232,26095
1049.7,2479119,26759.55052,29280
1019.25,3869192,39672.87497,28444
1000.3,2196043,22214.04711,15893
1039.45,2216055,22941.45549,14333
1072.75,1885385,20140.25775,16167
1080.4,2218144,23675.25221,13313
1114.45,2747411,30087.23622,16389
1140.45,3018336,33632.07099,19543
1143.45,2019630,23230.63919,14294
1150.55,2489945,28550.62828,15250
1103.3,2311891,25974.61215,15674
1051.55,1406050,14946.01111,13647
1049.85,1550047,16426.77716,12540
1088.7,2164644,23130.70411,19310
1115.7,1905432,20783.81166,19696
1133.35,3263502,36791.34085,21516
1104.65,1300820,14434.55939,9290
1143.9,1521823,17148.57426,14860
1156.6,2574644,29536.91767,18264
1112.4,1995895,22435.45121,17237
1086.85,2740795,29840.56442,24846
1056,2716021,28685.63911,33600
1088,1919494,20708.2727,21855
1072.7,2016743,21733.92011,36064
1069.75,2185228,23350.84833,19069
1018.9,2927004,30345.48644,16557
988.5,1993982,19748.2364,12877
959.75,3228348,31437.14116,18544
952,2180747,20820.57339,15583
1030.3,2544501,25912.95497,19683
1048.85,1471142,15266.55371,12645
1052.75,1847144,19577.9416,15422
1093.35,2482882,26540.24033,20931
1086.55,3075951,33635.20603,20513
1103.35,2172836,23908.9825,18136
1121.85,1809829,20340.38312,24444
1097.55,2051977,22375.99186,21738
1132.75,1162310,13082.93332,20838
1130.6,1475784,16462.90287,29362
1127.7,1419262,16058.22777,24555
1168.55,2955520,34641.19083,32544
1117.75,6108295,69487.01609,46605
1122.95,431323,4861.016619,2923
1150.5,4092836,47826.61122,16943
1159.35,2049629,23686.13308,9548
1135.95,1140433,13037.02548,9343
1125.95,1674048,18911.22806,10122
1115.85,1720967,19168.74154,12703
1128.5,1851582,21026.70595,10840
1140.35,1569232,17921.21162,10778
1112.3,1802188,20350.19886,14407
1057,2915291,31312.59107,21717
1049.5,1272332,13524.71264,11064
1008.4,2133285,21829.83572,18203
1006.15,2686166,26787.75396,25281
985.55,2210100,21951.70653,22962
964.2,3491717,33404.12929,20459
947,1995224,19123.38903,36060
947,3334177,31559.5842,26727
937.1,2621078,24422.16087,27324
957.25,3037875,28898.48304,28578
967.25,1811853,17511.82696,13314
991.4,1553023,15318.11542,11328
975.8,1970083,19409.22234,14160
947.65,2602878,24917.27754,17419
972.6,2635162,25851.53481,14311
1005.95,2623926,25968.7483,19117
1032.15,2508512,25593.52125,19005
1039.55,1873993,19542.70643,14525
1003.4,2323242,23507.11013,15638
991.9,2175543,21678.72599,19885
970.4,1516382,14911.36168,16755
959.9,2545664,24290.95264,22310
959.15,2421874,23388.961,17352
949.1,2268610,21391.29109,23285
904.05,4109418,37946.22823,41731
849.05,3714298,31587.60781,30528
820.3,3895799,31998.58264,37068
854.3,2397846,20235.20919,27241
873.65,3090876,26652.61679,40321
879.95,2932357,25842.33447,26699
872,1706610,14968.95052,19197
845.25,1742237,14861.65506,20903
832.6,1947165,16131.47417,39558
815.55,2785022,22952.39146,39081
808.1,2032545,16583.8437,16830
794.8,1945453,15486.22631,14642
837.55,2142010,17633.68876,22415
848.15,3387350,28617.93438,19236
870.65,3380234,29249.88959,24541
853.5,2469065,20957.55297,22844
852.2,155654,1326.710379,1169
858.2,1752655,14889.50628,12466
894.75,1965418,17464.093,19473
933.65,3106413,28383.151,25468
940.5,3551923,33613.10295,28335
939.7,2400856,22679.70818,20168
935.25,1981422,18392.7922,17429
962.25,2652545,25563.20214,25971
933.25,1841280,17276.3283,20024
955.05,1778225,16957.43096,21164
1009.05,4924504,48772.53003,74733
996.95,3594421,36463.96316,48266
1032.6,7011924,71486.58829,76063
1063.65,4449954,46810.20526,48395
1073.05,2779461,29718.03364,18458
1023.45,2010435,20985.49742,17853
1075.05,2203159,23228.18143,17845
1088.1,2227592,23831.28545,16118
1075.9,2806667,30499.18109,24909
1099.35,2119699,23098.71435,15464
1110.05,2882435,31961.14915,20679
1113.6,1716649,19073.20187,20476
1127.2,2967018,33339.99099,20053
1134.5,2307062,25854.28344,16722
1118.05,1661450,18624.468,14799
1116.35,1476639,16519.61041,12069
1129.65,1393225,15702.49904,12719
1221,3528193,42001.27342,42797
1224.3,2528000,30608.90334,24748
1278.2,2929410,37350.65702,37458
1287.6,2033183,26295.6965,40437
1216.05,3142766,39364.70065,49505
1217.7,3100197,37847.48637,33364
1183.45,3045610,36622.20633,19380
1114.5,3051507,34520.36333,17031
1170.55,3138141,36327.00463,20747
1177.75,2541084,30086.67,18507
1152.9,1577856,18142.59446,12325
1166.65,3018407,35569.8981,21727
1172.1,109687,1286.281924,711
1150,1367511,15739.31095,10801
1147.5,3914605,45596.60842,35174
1164.85,2248366,25972.48307,17730
1213.4,2372886,28575.01747,15814
1225,1940814,23860.25352,15912
1240.6,1822438,22650.7693,11151
1274.05,2705604,34374.65961,20157
1242.4,1899184,23747.52865,18894
1216.2,2822843,35124.92167,24044
1198.95,1813073,21977.66551,21149
1186.35,2177476,26059.0552,24745
1228.75,2270010,27376.85705,22752
1176.5,2128705,25725.89296,27092
1179.35,2796088,32922.46999,30183
1125.15,2270885,25839.90533,33008
1141.5,2947670,33530.65331,34829
1115.6,1969080,22109.80958,25374
1122.05,2738630,30651.14294,36773
1146.2,2596538,29694.25445,14128
1154.8,1731666,19946.6031,10462
1175.8,1927974,22664.81528,9962
1166.65,1496075,17410.43433,10631
1145.95,1023341,11749.49968,7874
1153.55,1128122,12987.86189,11678
1157.4,1714756,19761.3458,16409
1196.5,1929913,22962.07572,20153
1162.15,2283736,27144.91479,22384
1196.85,1272484,15092.61493,14907
1211.65,3138000,37780.24286,32062
1196.3,1517817,18396.46994,14352
1195.55,1198547,14337.10052,15430
1177.15,1355032,16068.46048,27085
1134.45,1505173,17387.41208,20834
1113.9,2548535,28430.77137,54027
1094.75,2817831,30993.23786,47954
1086.65,2185738,23715.14312,26565
1104,2527504,27915.044,36425
1121.2,456767,5124.311815,7018
1106.95,1772972,19752.36222,22322
1103.25,1930499,21470.96073,16340
1058.3,2316943,24774.18103,26258
1009.75,3702478,37650.21972,28797
1022.55,3048851,30356.70524,35967
983.45,2401298,24113.35619,27946
961.15,2451776,23746.09037,24729
981.25,2456361,24128.40569,24275
1000.2,2479664,24553.26192,23608
997.65,1983588,19713.13134,19706
993.6,1726538,17195.21284,15719
971.4,1998560,19420.11207,21576
951.3,2086488,20170.22292,23515
949.4,3046588,28595.27865,29050
963.25,2309611,22193.32595,20324
965.55,1903922,18480.89998,23141
963.45,1327044,12752.515,18744
997.8,2105646,20754.32426,32345
1000.4,1809738,18175.29198,33254
1029.4,1737528,17734.28002,34391
1024,1323563,13620.77177,25683
1000.8,998076,10011.28061,19896
970.95,2458205,24006.55166,26563
964.55,1591361,15418.15254,14736
988,1568975,15170.04512,14981
989.65,1929700,19302.92694,17117
1020.35,1941934,19741.97567,14062
1057.1,2798444,29108.60569,21773
1049.4,1965273,20454.5799,20037
1036.85,1933645,20383.94555,17652
1057.6,1899216,19883.71183,20401
1044.65,2405166,25245.4065,17587
1013.05,1730531,17694.13923,19411
1032.55,1735376,17819.67963,17774
1000.15,2313608,23431.89142,27303
1001.55,1921055,19113.41831,24768
1000.75,1461290,14681.43418,18122
1025.45,1754261,17780.57463,24460
1014.3,2011688,20341.27633,27955
1012.3,2167517,22137.60036,31236
1002.75,1464827,14753.17685,28381
1000.95,1488812,15013.89671,27685
978.6,5658988,55316.69438,63464
1015.75,3319308,33371.84805,25571
1029.3,2051283,21073.93922,19212
1044.05,1739912,18174.24442,16579
1041.4,1643472,17124.71246,12934
1044,3240151,33663.61802,15927
1037.5,1478612,15343.16741,14799
1035.85,2150384,22284.05392,13895
1075.3,3119268,33084.73006,27835
1066.7,1902935,20380.6695,15581
1047.8,2129334,22365.03131,20592
1034.7,2017368,21116.48749,21796
1046.3,1851626,19405.84705,24535
1023.8,4259233,44145.12232,84772
1038.25,2200590,22718.61438,30692
1057.05,1914580,20207.36856,29955
1040.8,1780269,18645.2681,26076
1027.55,1029847,10605.49273,26260
1041.35,1401718,14570.29147,24974
1028.7,1191914,12227.62627,30921
1002.2,2307826,23355.64179,30270
997.15,2463639,25045.93067,25267
1040.35,2174856,22473.1477,21317
1044.15,2331008,24237.12412,30996
1046,1516668,15835.03554,10959
1058.5,1447167,15221.76494,15313
1041.1,1234299,12842.07158,16105
1063.6,1600101,17053.52696,19143
1091.3,2425224,26376.04314,24561
1096.7,2363680,26007.50101,21204
1087.2,1607826,17626.65938,19686
1070,2143514,22878.25154,24857
1080.85,1532892,16337.73325,17292
1107.2,1666365,18256.82338,18949
1113.95,2047213,22818.86484,15523
1110.2,1604160,17859.12618,13767
1110.7,1308503,14460.68099,15051
1108,1065952,11820.19898,18096
1094.65,1601526,17669.69891,24511
1075.45,1564006,16810.81073,20191
1039.1,2287248,24036.90103,24447
1017.25,3011821,30681.92952,41343
1018.45,1685812,17183.65731,26285
1013.25,2645176,26772.89556,32291
991.8,2735770,27350.97084,24492
977.6,2772713,27398.86637,26103
978.3,2944049,28730.49411,27744
930.25,5304880,49823.98159,47994
948.7,3427958,32361.84333,32186
976.85,2937624,28546.37463,31938
978.8,133470,1305.177034,1754
952.95,1690774,16255.0493,19364
952.85,2563207,24423.15766,22695
956,2002028,19129.1309,22511
948.05,1765254,16811.91158,18370
1009.9,4716535,46933.919,54008
1057.5,5883806,61625.48193,63347
1073.4,2559356,27347.70783,37037
1044.4,1796339,18852.9466,25732
1124.65,5542978,61192.3998,61899
1132.65,4289343,49303.10813,50001
1101.95,5739237,63554.79268,63218
1126.8,3724780,41485.38381,55800
1128.8,2323129,26273.53915,38770
1136,1748800,19948.40975,14879
1130.7,1280154,14455.38463,10897
1113.4,2489130,27811.69083,16921
1140.8,2439948,27893.20443,23012
1142.95,2657566,30169.95653,19502
1130.95,2390694,27011.76577,13690
1128.4,1685298,19103.49545,14665
1106.8,1638968,18225.27661,12961
1133.7,2441870,27235.64443,21997
1119.7,1938489,21876.03587,19834
1119.1,1834140,20515.77024,41542
1145.9,4501129,51876.90444,75429
1153.95,2644758,30262.18695,39500
1202.35,4139075,48970.04864,72019
1202.25,2690029,32238.76486,53574
1223.75,2275045,27612.61161,44291
1222.25,1380855,16856.37028,32017
1238.05,1857686,22952.97928,35689
1231.65,1738537,21460.52772,16615
1221.75,1149428,14098.23478,13160
1184.7,2739266,32808.05173,35133
1182.6,1780532,20958.57904,18135
1207.15,1354503,16229.42923,16365
1215.5,1524736,18606.46741,14150
1214.25,940076,11383.47545,10060
1220.15,1118632,13607.32298,11673
1232.05,1846176,22778.00247,21561
1222.5,1257461,15353.79717,15658
1215.1,981211,11964.99703,12483
1226.45,971454,11903.76474,11902
1222.6,263301,3225.57996,2218
1232.25,1973882,24153.33165,12867
1226.25,1981883,24369.91228,16935
1214.3,1287162,15618.9788,18180
1218.95,2456772,29977.43541,17253
1236.35,1140440,14038.32454,15351
1257.05,1652923,20828.14842,28022
1256.75,976085,12222.29445,16213
1265.8,1352128,17048.24782,23910
1290.05,1637883,21042.22314,27082
1310.2,2647233,34483.5869,34939
1319.9,1793912,23551.28026,15970
1321.6,1363466,17940.61674,13294
1322.1,926857,12238.05811,11085
1334.7,1248038,16651.2569,12810
1364.1,1480568,19922.18065,20081
1328.75,2048738,27452.50679,21780
1322.85,1626730,21535.93897,13567
1325.4,1604285,21256.07662,15640
1326.35,1361449,17980.46702,12029
1325.35,1735029,23067.69578,20277
1352.7,1165843,15630.83226,16685
1359.05,1667118,22647.66432,14613
1353.95,1771672,23860.88597,27234
1334.9,1684486,22621.3417,17428
1318.6,1460182,19271.11854,19213
1321.25,1682499,22343.31967,21600
1342.65,910504,12162.76034,18967
1351.95,1003503,13565.98374,22525
1364.3,1893523,25865.42982,23438
1359.55,1218502,16555.4827,9124
1356.55,658124,8958.431902,5960
1362.7,668722,9130.713306,7455
1386.85,1433645,19859.62783,15599
1389.95,950039,13207.96553,8671
1378.95,1252580,17263.78425,10028
1372.85,1143170,15717.39691,8742
1360.3,1218122,16521.91326,12609
1349.65,1577025,21291.62947,10710
1368,1371873,18630.88236,15560
1364.1,1314243,17928.09226,11280
1386.1,1314382,18151.68656,18497
1424.3,3397412,47927.74953,70950
1409.45,2365757,33372.92118,25880
1406.4,1440138,20311.11441,16136
1388.05,1403580,19515.3472,14250
1385.45,732873,10134.33076,9680
1393.4,1038115,14505.05536,11760
1398.4,1281771,17823.37693,11317
1396.3,1968170,27542.37136,13569
1386.25,1656661,23021.90753,16686
1412.95,3721613,52545.46701,54472
1475.45,9092773,133943.2483,87432
1501.25,4970410,74582.47875,45565
1505.15,2620571,39321.75735,36551
1509.65,1480881,22194.86708,18464
1477.7,1168344,17411.02156,17133
1459.15,1744435,25573.65189,19439
1460.1,1319530,19267.93605,10799
1460.55,1738190,25450.67167,14120
1450.8,2222388,32364.05612,13181
1494.1,5329501,79373.77999,30027
1482.95,2172257,32329.88732,18171
1477.55,888424,13146.18383,11199
1432.3,2708579,39144.40566,22714
1449.3,1707642,24537.15611,19872
1432.05,1085936,15556.45655,12070
1439.4,736093,10562.2315,10642
1439.4,668691,9652.12541,10112
1404.8,1760890,24870.56525,23228
1411.9,1099389,15524.69943,19229
1401.15,1209276,16988.96113,25060
1367.75,1066738,14708.96591,27341
1400,1593619,22180.43382,22769
1344.15,2680376,36575.21545,39502
1363.7,2718726,36603.4112,23312
1368.9,1465609,19904.60739,11680
1403.2,1559831,21690.21739,14811
1402.15,1612611,22596.43667,17895
1403.3,1094407,15244.31554,13495
1407,1180690,16625.49216,14032
1401.2,1748010,24710.13251,14636
1384.75,1019709,14169.62862,16448
1346.7,1617577,21902.81319,21326
1352.8,3616843,48387.23636,50167
1339.85,3300282,44236.03608,32228
1325.1,2334020,30812.05165,26974
1321.5,2295319,30125.27821,34267
1299.25,1528633,19979.06115,24460
1311.7,1725824,22664.61698,39341
1300.05,1335988,17470.4532,26102
1309.35,1456068,19211.30938,45287
1294.2,1330234,17218.46174,29715
1300.7,1365512,17646.0901,22411
1314.9,981343,12860.86781,9387
1301.35,1146904,14946.71419,12094
1278.15,1692725,21932.17844,16925
1243.85,1283541,16046.30128,16832
1229.55,1296810,15996.61811,15918
1203.2,972884,11826.90557,13234
1203.2,1498099,18256.09642,18654
1239.3,2009353,24629.98724,17376
1252.15,1942836,24193.00903,18351
1264.3,1582245,19914.79895,14484
1294.2,1537940,19856.38346,20730
1363.3,2397572,32075.68984,28665
1377.2,1837309,25347.27749,22318
1429.4,2260176,31853.365,32077
1441.15,2650579,38541.73483,41012
1444.8,1468130,20995.53188,40303
1503.4,3878351,57816.81714,68625
1486.35,2097993,31085.20087,20434
1475.4,1312357,19307.31357,12285
1492.7,1802189,26722.61265,19595
1516,2155118,32632.36598,17687
1474.8,1865295,27783.61787,26912
1459.75,1347820,19655.62409,19064
1503.95,1471434,21936.43548,18379
1489.7,973101,14470.98439,14103
1454.15,3121520,45514.66967,22811
1469.9,1542367,22536.19581,16959
1472.45,72080,1060.858252,847
1452,2046780,30035.67183,27531
1467.5,1268386,18566.1036,16846
1508.7,1673519,25054.67052,21719
1530.9,1157474,17724.97148,15655
1535.25,1225573,18727.09378,15765
1529.7,1421937,21842.62134,17541
1520.55,891427,13619.63998,17316
1512.95,886069,13436.79513,15998
1455.2,3525797,51381.40823,28294
1461.2,2270834,33288.39616,35085
1478.15,1015964,14904.07502,27884
1468.5,1267727,18641.9376,25303
1459.6,996802,14503.67244,25399
1432.7,3945835,56729.54908,34074
1430.55,1387998,19800.1948,15572
1430.85,1127820,16065.6137,11801
1395.45,1296263,18348.07442,16331
1382.25,2105036,29056.51942,22201
1418.1,1443651,20265.15783,19333
1378.25,3391798,47370.52053,21344
1355.25,1420349,19431.22952,16794
1322.7,2141850,28447.20449,21330
1274.45,3351339,43152.78399,30167
1270.65,1855729,23767.31999,20873
1298,1829058,23782.50505,21771
1316.05,1829771,23786.73511,24169
1286.6,1443006,18718.61129,17775
1285.05,1526759,19549.40642,17750
1239.8,1867986,23196.24116,21583
1259.7,2313560,28889.3355,25267
1243.05,1772954,22054.45388,21095
1231.45,3422320,42243.22188,37247
1248.4,2660504,33368.80166,28991
1275.05,2313221,29474.02902,30709
1325.2,1450191,18960.23233,12939
1348.8,1064799,14243.03949,10207
1308.5,1136605,15082.87703,13438
1277.85,1273407,16344.76186,13332
1264.95,1899430,24216.61214,16463
1288.05,1157188,14896.671,16973
1252.55,2156047,27030.28596,12889
1264.35,922854,11692.42752,10908
1256.75,1068378,13534.58592,10764
1287.75,918658,11856.93235,13253
1291.55,1057439,13580.68191,10537
1308.9,1089998,14202.23886,15200
1230.85,1898626,23550.11911,22710
1193.7,3588844,42939.99785,28293
1238.2,5709681,68426.74623,114327
1191.9,3728446,45263.80518,59756
1200.1,1289256,15495.89102,30948
1202.85,1090274,13191.60552,30410
1125.15,2957729,33492.18439,44577
1127.25,4295865,48577.21141,29828
1107.5,2421796,27041.62931,15904
1098.25,1718406,19008.12664,11544
1093,2915429,32322.95408,19660
1034.55,4999833,52027.23324,35383
1085.8,5143545,54560.76507,35866
1103.2,3136469,34481.40233,23634
1124.35,2996624,33086.36676,21037
1089.85,2611133,28477.59561,22787
1068.75,3235222,34568.83985,27377
1085.6,2184469,23481.33016,20474
1070.45,1973373,21122.60432,18439
1142.75,2845463,31612.67072,27477
1149.6,2480549,28372.66662,27549
1048.95,3241523,34481.6864,40437
988,2252434,22539.06427,32591
981.3,3434676,33643.17927,40561
977.95,3494670,35341.6902,54946
969.65,3137771,30557.34139,48474
981.5,3060736,29764.79396,42098
934.1,3979027,37909.1816,47071
877.65,3300090,29448.87761,56205
837.95,10230689,84113.88668,111682
850.75,6933374,58565.40227,78037
832.95,17044016,144063.2895,96630
864.3,4568669,39155.39467,49777
782.85,5918003,48337.20484,70885
801.5,5901052,46909.04335,71866
927.5,14726518,131711.426,116714
952.4,9693023,90326.82391,72989
998.3,8156706,81952.92782,57926
1029.7,6201511,62277.92825,51280
1019.95,6680748,68215.72556,53927
1059.6,5967274,62566.97913,57259
1087.55,4332115,46950.36207,46560
1053.55,3705538,39077.12019,35365
1079.6,2643707,28289.74817,29501
1140.2,5437584,62882.30548,50174
1102.35,6021509,66280.09652,73785
1030.05,4650995,48715.56415,59720
1025.55,3564895,36727.33235,49180
1034.05,3485265,35619.02866,50860
1031.35,3683826,38172.55032,43151
1030.9,2679972,27647.57209,20526
1007.85,3744196,37706.23386,24668
1044.1,2797085,28863.29431,21734
1104.7,5661431,61745.262,36919
1092.55,2947744,32358.5524,30754
1071.85,3920380,41585.83575,24060
1066.8,3362920,36520.48395,31342
1079.3,3424385,36560.08369,32696
1066.25,4490167,47998.04068,28878
1099.65,4297130,46575.22441,36962
1109.1,3206026,35755.30991,29214
1081.45,2712797,29782.44454,26794
1096.35,6624269,72221.57806,96751
1156.2,4569767,51701.95513,56010
1175.85,2841185,33394.46608,30108
1201.15,4570708,54490.92139,45025
1210.1,3941925,47569.80388,43128
1207.2,3027671,36722.53044,29013
1190.75,1672162,19933.13675,28169
1191.5,2962108,35594.59933,40262
1250.4,4362341,53500.97125,62407
1221.9,2716462,33638.42264,36266
1222.7,3142317,38189.52854,39039
1218.9,2851713,34886.35919,25436
1219.3,236741,2894.501119,2433
1227,3547680,43581.73043,32130
1213,2382580,29089.51572,24193
1171.3,2588848,31121.18492,36527
1119.2,2727350,31016.47803,34638
1077.15,3223254,35163.45473,36077
1047.85,3377013,36203.29607,35815
1030.6,7802443,80309.32082,59938
1097.1,4437159,48230.0552,57241
1139.85,2973859,33576.02119,33873
1135.05,3037305,34600.43459,31145
1131.45,2307244,26243.78961,36506
1086.3,3234108,35378.16,52437
1082.25,2293015,25034.45929,38128
1115.45,2145437,23884.71253,42872
1116.1,1464931,16381.10888,35131
1120.85,1709805,19052.27187,35029
1120.25,2181926,24621.03717,46128
1155.95,1842077,21126.41173,21595
1190.75,1797075,21257.91125,26209
1193.65,1779818,21155.36833,21636
1191.05,1649749,19627.67139,25121
1241.5,2081073,25772.4564,26402
1279.75,2219251,27958.99886,32678
1303.5,2101693,27574.66966,32026
1264.85,1485500,18893.96865,29135
1273.2,1830472,23075.90809,28167
1247.7,1280700,16070.03372,21970
1239.8,1595126,19679.1812,27404
1261.4,1685364,21201.42456,27468
1256.1,1363676,17258.34012,23298
1282.85,2066127,26449.74649,46628
1257,2244120,28275.25333,45752
1277.85,1450476,18431.23364,39882
1291.25,1164296,15080.9632,31643
1282.95,1014069,13040.72025,27055
1297.05,2694233,35017.59723,54629
1294.5,1246436,16225.62752,14900
1286.25,1412969,18264.75077,15856
1299.55,1273081,16433.49494,13777
1292.2,569885,7373.562617,6656
1272.3,2594412,33765.82783,31368
1260.9,2403748,30197.2213,23543
1256.3,1836289,22988.78958,16475
1234.25,3020062,37183.77715,31641
1211.75,2780369,33884.89953,25937
1184.85,5110747,60718.66432,33483
1164.05,3975548,46582.90476,35537
1184.9,1694072,19948.48809,22594
1177.05,2420113,28549.27294,18859
1178.3,2840552,33417.81289,30921
1176.15,3795978,44903.80748,65147
1152.95,3786564,43938.00491,36353
1163.2,1975048,22731.28265,30223
1188.55,2195982,25801.06572,37985
1188.85,2367932,28140.98416,35338
1216,3005432,36162.76206,39409
1204.6,2812868,34073.95813,43466
1161.1,2175910,25453.08509,48228
1121.75,2530271,28866.98031,64693
1140.25,2185105,24827.79273,46530
1108.8,2295500,25603.94284,38021
1122.95,1144558,12813.84453,15251
1123.9,1386338,15591.30089,18818
1121.8,1709081,19049.35842,22353
1123.7,1461310,16389.58712,18751
1102.95,2064960,22957.91664,26121
1125.45,1252519,14023.52407,16871
1118.95,879377,9912.49508,12253
1120.95,914443,10277.26068,11974
1119.6,1476819,16629.69603,17834
1101.5,1179872,13133.9937,16122
1103.05,1755687,19282.98815,22022
1115.25,788239,8772.181444,14706
1165.4,2136977,24585.49773,40136
1166.15,1401475,16365.30582,20253
1157.85,1954784,22622.10046,24652
1193.35,1861962,22063.04197,35145
1238.2,2562362,31381.70429,52578
1236.75,1901309,23538.51746,47304
1239.25,1876039,23220.80372,33841
1267.05,1873251,23595.16568,18141
1255.5,1931195,24422.62977,25612
1293.55,2389455,30763.6922,34069
1307.65,2642792,34473.16567,27860
1329.5,1988376,26291.59198,26861
1406.8,4716790,65748.10377,60953
1426.55,3382373,48135.74654,34553
1417.5,3966087,56802.02786,46932
1397.9,2149409,30195.69774,37388
1381.15,2106791,29582.45349,37827
1354.9,2742319,36991.80177,48993
1349.1,1894702,25852.46107,27987
1385.55,4037831,55687.66252,48650
1357.35,2582976,35279.35191,53818
1394.25,12970884,177403.1497,173131
1389.2,346269,4808.015511,6498
1410.7,3118889,44068.80421,58495
1400.9,1682522,23680.80663,39974
1430.1,2771396,39387.82124,54836
1429.95,4290428,61849.80294,68563
1461.95,2091296,30382.42813,22416
1460.5,2108678,30774.62876,22448
1468.5,2221240,32548.70503,26911
1467.15,1383806,20140.68018,30409
1434.85,1114461,16096.96729,22698
1428.15,1641960,23573.30398,24697
1422.05,1078777,15339.16326,15515
1483.95,1672182,24344.18782,28456
1503.7,2073998,31171.70899,30591
1495.75,1082389,16193.12889,20709
1445.2,938060,13768.61935,25196
1431.95,834976,12083.69315,20671
1464.65,1263648,18428.12666,35203
1503.8,1132035,16916.35413,34285
1500.1,994573,14918.94645,33179
1519.8,1633806,24845.23526,52201
1532.7,2457432,37518.67241,43993
1529.55,1773777,27278.00741,23705
1528.4,1196919,18284.39693,20658
1517.2,1334637,20426.58087,30373
1530.15,905612,13844.92739,15345
1551.55,1445455,22395.10832,21960
1536.95,1067582,16546.34898,15959
1537.7,1206946,18598.93664,17348
1553.75,1297102,20102.4003,15818
1629,2265473,36090.7696,40332
1646.55,1955495,32638.27798,33315
1648.75,1868632,31043.10483,27818
1636.5,1342412,22081.94056,19346
1664.05,1577798,26246.21748,26760
1755,3855077,68365.29853,49683
1859.6,2309376,42132.6791,34414
1856.95,1241464,23181.46532,33922
1815.15,1068753,19595.0795,30699
1841.65,889382,16351.15471,27068
1864.5,1170628,21705.36067,25003
1872.95,1743052,33080.00066,49245
1849.05,933085,17217.49461,41453
1859.9,1190020,21988.34738,48089
1865.7,2111082,39456.92505,62651
1836.15,778118,14332.26985,14415
1900.85,1190952,22391.71801,21690
1899.65,1200037,22872.00384,22190
1924.7,821940,15719.86041,18750
1946.35,1084577,21006.7829,19541
1973.6,809562,15941.52011,18027
1967.25,788492,15554.53312,12020
1932.5,843749,16357.66841,15169
1940.8,974072,18964.95714,18166
1902.75,838530,16002.64543,14046
1818,1255370,23292.76836,34756
1773.1,1370397,24349.44302,32497
1839.6,1598198,28908.66032,32284
1848.5,1938025,35916.66521,39006
1841.8,1028349,18967.79084,20662
1866.35,1167714,21789.42762,31150
1882.95,1069662,20054.23148,31560
1925,1080274,20694.10889,41842
1912.7,829983,15885.14412,30505
1927.6,1188827,22886.41006,38741
1909.2,901060,17271.35212,15004
1918.85,977483,18870.51451,15922
1920.05,827371,15933.27562,12963
1926.85,759564,14667.34193,10618
1925.7,923628,17841.45503,14636
1935.9,865455,16731.43451,18087
1923,635941,12263.62711,9992
1888.25,906279,17278.9004,18256
1873.6,1190125,22391.22067,19490
1862.05,1771452,33259.48325,34727
1816.65,1021170,18831.22433,23249
1846.6,659397,12124.37796,14046
1898.9,711517,13366.11684,18838
1963.8,1224032,23745.25514,33915
1954.2,722632,14142.04838,16695
1995.8,1300062,25678.43114,38716
2023.35,1150188,23237.36564,30790
2016.3,1104627,22316.20858,36934
2000.05,1739747,34936.99096,56443
1996.7,965779,19262.90713,25266
1985.75,855596,17014.25331,32475
395.35,5838272,23426.11552,35599
401.7,3945078,15702.55795,44184
391.65,5899359,23356.46167,31504
387,4556225,17778.8267,15401
390.85,3189855,12485.4734,10028
392.95,4565734,17876.00797,13487
383.2,3328178,12864.73005,12313
381.1,3629281,13897.40183,13047
371,4082447,15194.37357,12653
376.75,2245416,8434.902062,8796
381.85,2849902,10792.20803,10591
373.9,2422893,9109.968329,11152
377.8,2695108,10143.83544,11414
394.7,5628495,21845.45404,20352
397.85,4398164,17548.48756,15285
394.2,2593423,10227.7413,9360
398.65,4041960,16131.99708,16331
402.8,3805460,15338.57249,19845
398.75,3188868,12863.90918,26658
397.6,2960035,11710.83793,29123
398.75,2117053,8464.836172,18922
397.25,3524112,13978.66358,29769
405.4,3827810,15421.44022,14724
409.25,3827990,15660.4929,15679
413.7,3913893,16132.31866,15488
416.4,3577070,14774.22585,15889
415.95,3236260,13472.88695,12340
420.75,2644489,11074.59599,13503
418.7,2014481,8430.538832,8469
416.5,1554785,6471.300692,9919
418.5,2920679,12253.93963,12929
416.95,2314502,9653.371691,8456
411.65,1665845,6867.008427,9625
399.15,3811175,15349.06961,18152
397.95,2328500,9293.065811,13434
405.3,3458236,13910.53438,20836
407.65,4701389,18979.96986,36328
408.2,2407552,9818.898105,24921
399.1,2235528,9001.173282,33408
397,3007551,11934.38501,25513
377.85,6647739,25408.01782,41793
389.55,6000406,23044.61226,22616
386.05,3209235,12424.35364,10063
377.7,4660370,17752.25455,19274
379.95,3024329,11448.82236,11295
373.6,3348273,12693.18295,12151
379,3182969,11997.07967,13775
387.4,3069354,11850.76887,13036
379.2,2560762,9752.925263,12631
386.9,2666892,10232.47365,11872
397.1,4935617,19499.32157,24499
393.65,4382823,17440.55658,20633
401.6,4816107,19273.47912,24849
417.85,6484171,26961.55355,28861
423.05,3970498,16778.1386,15980
424.45,2526798,10711.13762,13571
423.75,629020,2669.682128,1312
426.8,2876993,12249.06529,22945
424.2,1995946,8502.294151,21426
425.55,1931522,8213.701255,24958
430.2,4258888,18216.70536,30146
439.4,3941516,17236.55209,13880
445.25,3817449,16928.35213,12221
457.95,4713467,21417.68248,20585
469.05,6220448,29069.38137,26931
460.5,4280640,19870.06648,19397
466.7,3472821,16168.44357,16314
481.15,5416022,25801.39103,25783
473.6,5237971,24960.31533,23828
476.9,2753729,13143.34356,16429
475.9,2141989,10163.55468,13646
474,2773087,13179.99661,15345
470.2,2667750,12550.40168,16426
466.65,2510781,11687.19374,14683
476.95,4741296,22644.55178,33833
478.15,3562884,17070.98255,24780
470.75,3474162,16372.88751,25184
470.3,3726653,17467.77649,32136
469.4,7283496,34081.29105,38824
481.2,5227699,25198.76822,19401
489.15,4634567,22674.75272,21368
493,4191689,20514.72259,24039
499.05,3424250,17046.32343,19847
499.95,2709507,13457.94554,18775
498.55,2798293,14039.42946,16870
496.6,2150646,10724.92443,14393
488.8,2722580,13360.66947,16605
489.25,3317262,16305.4687,15954
490.5,3583840,17469.80709,21190
483.4,2915819,14205.70331,16010
476.75,2929634,14092.54565,18062
472,5702983,26867.88829,27037
474.85,5852857,27758.43616,31292
487.95,3782348,18331.29221,24896
490.25,3189647,15690.29243,24802
498.3,2813921,13858.96645,38577
493.8,3753789,18775.96551,51890
494.3,3181539,15715.02518,42684
494.45,2133879,10562.48615,20334
494.1,2230958,11033.24171,14767
498.8,1996949,9899.968226,17164
502.4,2356002,11852.2055,21692
503.05,1351985,6779.901723,9714
514.3,3852825,19738.86873,31749
517.55,2561430,13262.08707,22760
499.05,5284530,26584.93012,43913
498.65,4245189,21212.71321,35657
501.95,5637844,28242.43596,33116
494.95,5078463,25194.66988,39005
501.55,2290147,11451.09188,30231
504.5,4069260,20624.62511,35786
499.6,2973231,14850.14114,30780
514.05,6670800,34438.49431,60161
514.8,6920742,35810.11781,71420
528.95,6113156,32203.41528,58411
551.4,6934581,37684.48315,75270
547.25,4459351,24544.68749,48709
564.75,5546866,30981.09439,69298
565.15,4975114,28229.42834,71885
592.1,5376830,31321.44716,109133
590.6,6370073,37620.46818,101811
599.5,5424486,32178.81557,84120
588.1,4497194,26687.30899,52709
617.3,6307718,38220.99941,65130
586.6,9290016,55787.09734,91806
558.6,10773056,60705.3873,92222
565.9,6865785,39185.12268,56021
563.15,7706020,43140.99614,59925
553.6,4334546,24315.3398,37954
554.1,9809275,54634.00653,64777
569.25,6200994,35111.00777,41272
578.75,5849894,33430.25525,45719
581.1,4633409,27023.90318,44816
570.3,4284303,24616.67611,43017
569.5,4695905,26753.19166,37302
565.25,5349212,30091.7953,57352
561.5,6025707,33939.82508,55126
549.05,6089272,33838.96854,57766
551.8,6155111,33815.83494,81991
553,4185156,23210.10895,59378
552.3,5579001,30696.0259,73173
567.15,5791546,32482.11125,39990
612.6,16352608,96901.86989,123603
647.55,13205219,84284.6219,101964
631.4,6817671,43216.71584,53340
612.75,10097232,63630.80379,95942
616.8,6914112,42419.57048,66235
591.6,6043383,36077.144,54088
585.45,5791801,34042.73383,55167
583.85,5816344,34082.29683,48767
584.1,4512080,26492.60137,33540
570,6749149,38668.76696,59418
568.6,6445254,36593.81593,52438
580.1,5627580,32363.59342,57932
581.25,5847672,33962.56269,49999
563.55,7705218,44647.29339,90503
556.25,8160665,45513.71945,84350
555.2,4191424,23370.0844,49441
558.05,6309451,35182.02499,89168
562.2,5578540,31315.75414,74902
544.3,9233047,50835.57023,103669
546.4,10655577,57537.61085,62564
563.55,6631597,36867.72778,41087
560.2,5970862,33738.69708,42839
569.65,3753262,21190.92076,35397
569.05,4305263,24470.15071,32138
557.85,6754389,37944.98111,55855
555.9,5750765,31974.38231,40444
572.15,9653162,54843.52247,74696
568.05,4938698,28157.0192,32794
566,4596222,26079.47264,32356
550.2,8869483,49964.188,61212
550.8,7288785,40085.35603,56728
533.7,6618167,35760.89043,54164
518.25,7836613,41218.16689,64800
523.2,7204472,37924.30336,48552
540.1,6947536,36891.38415,62244
538.2,5464184,29584.77097,60179
527.25,6533254,34371.26493,59678
524.2,7839080,41525.70682,78001
535,6322607,33684.68414,85618
551.95,9301407,51036.97065,152806
567.8,15658642,89488.71036,186733
568.35,4309985,24523.30897,36541
565.85,5385676,30582.67391,41246
543.3,7698992,42245.41385,55683
527.35,5848608,31252.259,51172
540.8,10010992,54040.47309,38970
551.1,6700085,36811.01505,34679
532.35,4943428,26609.51437,39818
558.5,7971625,43940.79978,75933
555.85,4929250,27350.04889,39887
562.05,5825462,32835.55691,37030
567.5,3944770,22254.96637,26700
561.45,6047850,34208.26303,43864
558.25,4763209,26745.1992,30829
570.45,6157883,34904.66704,53895
568.65,4265332,24446.48159,50371
562.1,3426379,19370.16231,50472
564.25,2475418,13944.89397,49333
577.8,4120709,23660.26256,79815
574.65,8272414,47717.4926,80892
585.4,3421723,19907.51684,31845
578.45,3142413,18288.81775,23281
553.1,6978299,39444.31672,52007
550.9,5114150,27903.19461,38311
556.4,7432416,41248.16098,36267
548.4,7028734,38809.03565,30023
553.6,6286247,34711.96471,29649
558.7,5252618,29366.28787,29636
564.5,7919473,44660.08457,29729
546.75,7608358,42350.14503,42902
551.45,5518696,30207.58175,30329
550.05,5896234,32414.60924,28921
551.15,6283177,34357.62874,29833
549.25,4522392,24942.66365,27296
550.05,5579425,30754.81935,33739
551.55,6783585,37408.40337,35359
572.15,7325101,41692.60221,71129
571.3,6608481,37882.51858,67198
571.5,5427984,31120.56952,52737
570.05,5953158,33984.64168,47942
565.5,4432487,25047.00127,23528
562.7,5390158,30009.13366,30303
558.95,5479844,30574.89248,26092
578.65,7663185,43592.05678,39787
584,9886455,57524.24566,36869
585.95,4422432,25870.00869,27080
584.2,4973984,28889.68638,31529
586.2,4969526,29165.59297,26597
576.65,6414143,37179.45385,34703
571.7,3602432,20610.68952,21756
578.1,6853759,39443.94549,27324
581.95,5161182,29880.95149,29175
583.9,4566647,26656.3632,25550
584,3307716,19386.82714,21319
608.65,14142842,85493.37829,94351
602.1,5847889,35350.44103,50201
599.9,4688323,27956.72103,36399
584.65,4375934,25928.92527,35365
589.85,5900119,34677.24499,36329
583.75,5569255,32797.4425,45527
580.45,13673495,79921.26161,150185
555.8,9829067,55353.58938,83348
561.25,8129213,45315.68587,71030
567.2,4635380,26232.24511,54616
565.7,6484751,36976.08612,61570
573.5,6283549,36060.83574,29330
576.7,4355574,25203.88393,27362
580.1,5903968,34122.36806,37137
580.4,3419273,19916.84137,20158
584.75,3125993,18230.77825,18385
580.3,2298504,13338.76638,12971
575.9,2402572,13957.91189,16717
571.25,3168648,18216.82971,25672
557.85,4787034,26917.43395,27650
567.55,5982710,33882.31494,25449
570,7528941,42474.82351,56234
561.4,4466163,25151.66996,30399
561.35,2952439,16572.74111,26864
554,4135059,23017.46221,26948
533.4,8909772,48090.96943,62812
525.3,10454764,54683.57174,54931
482.05,17627734,86727.92971,87209
502.95,14248966,70402.66816,90790
495.6,6910566,34307.31016,61583
509.25,11302689,57085.22293,69484
508.15,10015309,51852.82774,50069
507.75,6111825,31204.61839,27189
480.1,8843551,43099.51497,43248
466.6,11537443,54389.42437,46884
486.9,8651466,41536.86633,42103
468,8969600,42033.45276,42301
449.85,9743637,44751.41642,41368
473.9,12602488,58418.0636,52601
486.25,11672474,56710.61071,52743
482.6,8384392,40216.76313,38619
481.25,7212180,34926.20762,34261
496.2,5537347,27214.20393,32538
482.75,9567400,46722.77676,38677
494.25,7293528,35903.35198,42221
517.45,18814281,97040.86048,73795
528,7516002,39205.51048,58053
509.7,7358434,38326.76845,76972
511.7,7602683,38543.29653,88441
513.95,6911468,35424.24889,67647
506.7,6526803,33594.77889,30219
504.5,19935063,100197.7543,82837
495.65,12199436,60730.71809,54701
496.25,8137042,40412.19144,37861
513.25,9558125,48660.46841,41822
506.4,8226452,42080.9427,36586
496.8,11251639,56468.95996,39135
491.5,9941551,48749.96031,43158
490.45,10368020,51147.35586,43628
487.05,5566595,27350.77172,28570
490.9,7268043,35571.80958,28451
495.5,5645540,27913.86234,27078
498.7,5251039,26226.52446,31256
504.65,5875167,29373.16249,40399
506.65,4242869,21459.97712,28582
509.4,5729459,29201.11845,29053
511.75,6245542,31838.98687,32703
525.65,11628906,60567.607,63280
521.05,8015119,42146.1437,53519
521.8,13011580,67957.97942,108781
482.9,33157058,161290.2671,185283
468.95,22054683,104141.1127,105705
475.4,16103533,76144.12161,38509
478.25,10316509,49203.84302,20147
474.65,9337442,44778.18431,18410
472.5,6319148,29964.17949,16730
463.8,8078032,37541.91998,20130
465.15,9185858,42624.42364,18867
464.95,9643857,44417.49373,25947
468.35,7040567,33029.33255,21480
480.35,3012461,14466.09903,11348
484.95,10014779,48274.32883,33822
481.45,6488927,31212.69347,23531
475.6,5944197,28393.17408,23870
463.55,6081331,28513.66217,27484
463.05,8717250,40459.25644,23626
459.85,11446890,52838.78136,40199
462.7,7774882,35917.57159,40719
463.85,5388027,25041.36881,40772
465.3,26648537,124187.5216,47076
471,10288912,48486.11782,28093
469.15,8926273,42033.42495,16200
461.6,11177827,51722.29016,26776
459.5,7152991,32900.05521,14512
462.5,8154164,37652.76996,20973
460.5,7000002,32188.43188,17505
462.3,6335649,29273.25197,11978
458.8,7003729,32248.68184,13664
450.6,8745990,39527.52574,22255
449.95,10192522,45735.50105,18869
440.65,15589823,68955.75336,32000
431.35,10389129,45246.60278,28911
436.1,11058615,47959.37259,20850
438.15,8881531,38959.33901,24323
435.55,11529678,50170.53345,37636
432.55,10297545,44843.59464,33993
442.35,5061836,22264.98494,27125
446.7,8722574,38989.65181,41502
452,4493436,20261.03549,21371
450.75,3633255,16402.64161,19407
455.35,5914945,26811.50463,31443
458.35,5987050,27316.26143,37480
455.1,3766369,17194.03587,41281
449.1,6329611,28535.12891,42559
449.9,3345654,15047.32651,11715
438.4,5862854,25850.45453,21696
436.45,5579449,24363.36874,15060
430.7,5756267,25025.4988,17080
409.25,13787371,57168.69071,35274
413.7,11307470,46734.4097,20845
417.2,10352347,43191.74425,27045
406.1,13070476,53141.88465,34352
406.7,15873927,63897.95511,44213
390.6,11776737,46390.62775,32856
374.25,13178892,50510.70243,40133
373.2,14117119,53144.05707,47057
393,14215698,55299.82802,42347
387.6,15605644,59794.43134,58588
409.15,28200956,114511.5974,106726
424.15,15009103,63335.60106,73178
420.85,10252421,42980.1743,58872
415.4,8648945,36002.84941,62342
405.65,9370465,38278.27316,58352
408.4,13667701,55100.72964,36816
399.3,10700914,42873.04461,24521
390.9,12131028,48139.76405,38677
380.55,10077279,38654.66789,30247
382.75,11472602,43714.62036,30504
399.55,11677917,46067.00201,32204
408.55,11996680,49390.23997,42174
399.9,6550274,26340.7405,27134
393.6,10922352,42823.68037,29513
377.2,8076824,31197.2684,33296
391.1,28434501,110088.2045,55678
417.65,13964589,57515.44802,40308
405.8,12445006,51439.22505,34679
403.1,10197761,40875.30031,30234
398.05,12069460,48572.86913,36979
392.5,12915275,50705.94632,29203
397.15,10284642,40700.30566,47570
385.15,9955791,38739.53876,55536
386.65,11983475,46109.20952,54856
378.2,9491615,36302.92068,62993
386.35,9588881,37077.62367,22777
375.75,82022905,312103.6165,64040
392,12822550,49755.03008,33329
407.25,15332044,62499.00133,40267
417.15,14677533,60481.37321,28491
416.05,8992492,37252.24274,26326
411.75,6921273,28715.96101,26171
416.85,8437253,35042.79491,26344
413,5631550,23328.62954,23617
412.8,8348484,34648.93246,31665
415.45,6963673,29060.85491,22413
418.85,8188560,34318.79755,22048
424.6,8290044,34694.20883,36345
428.15,11080947,47693.12145,43718
436.1,6675930,28914.05729,26848
444.5,8910574,39412.9277,29551
441.25,8004834,35360.79344,30493
437.5,5018310,21957.4982,24497
422.9,9200929,39526.59598,49025
429.45,6674980,28608.49116,51307
444.25,9551121,41980.55778,39382
444.15,12671936,56246.00507,43147
449.9,8827751,39501.77047,22839
444.75,5347581,23842.97754,13597
432.6,12100258,53204.87967,35018
424.65,7457831,31874.0165,18600
426.65,5374072,23043.55501,18937
421.6,6881318,29044.95416,18658
429.8,6221772,26454.76747,19993
434.05,5586212,24213.65229,15830
440.5,9091282,40190.22789,23463
445.25,6674315,29534.97596,16629
459.1,10775664,48998.72048,33809
467.95,11717618,54958.1909,35646
475.85,7323373,34517.5922,27382
469.9,7474910,35084.57273,41677
480.2,12685893,60082.75023,99672
465.5,29544825,138096.9069,99353
468.05,16457436,76843.11268,63346
472.4,10883473,51382.27495,32829
471.8,9439328,44596.05997,24170
470.55,8097969,38161.10719,22024
462.45,8777977,40697.64722,25269
461.05,8736141,40339.6576,22228
461.45,4804806,22153.4789,11951
477.1,10228014,48110.34705,24007
487.95,12131886,58721.37196,30411
498.2,21878712,108398.7322,43006
492.55,13528266,67488.89409,35324
490.65,7426191,36413.76709,22456
486.45,5809867,28145.6448,27853
503.35,8982435,45006.82419,39335
501.1,8241793,41145.55261,26667
490.5,5989236,29634.18054,26806
490.6,5012902,24641.03338,20016
486.5,4700955,23071.87831,24592
488.95,4838908,23577.94092,32419
502.15,7144175,35732.87827,44892
519,11207975,57249.62652,56815
512.4,7699491,39738.69059,23487
513.7,4892196,25312.1404,13522
515.2,5706744,29373.26005,13921
511.95,9559476,49668.09893,27981
524.35,7013241,36214.61919,25188
542.65,13581215,73386.61102,37768
532.85,9416306,50390.02621,19899
534.4,11455340,61044.16377,25334
539,6988719,37581.83824,20595
542.6,7019405,38046.99076,20685
541.05,6382258,34679.9614,23252
531.15,6788154,35884.90367,22881
529.65,8234417,43564.29575,17321
528.8,7836638,41354.47727,22586
523.45,5375177,28079.54076,24340
526.9,7201452,38175.40057,23768
522.45,11335041,59043.72997,27483
517.4,5301794,27530.82695,18309
516.2,5374493,27840.45962,19104
526.4,5874012,30613.85324,26109
510.5,9745784,48908.68656,56026
514.45,4612787,23754.77601,30751
514,4479273,23085.50172,31772
517.85,4721178,24395.2925,27047
533.5,10912401,57933.91293,50341
542.9,6701034,36304.7728,16319
543.85,5173772,28118.86543,11322
539.7,5219466,28233.24196,17816
542.25,4650991,25253.35223,16624
546.45,6016471,32733.87936,14263
544.4,6082359,33264.79242,15005
561,6541827,36367.80972,25961
556.85,6365885,35438.91893,16471
560.25,4020476,22470.16934,12947
565.05,6247207,35305.85077,20968
571,6641864,38053.65211,20393
565.45,5547223,31489.83011,13632
558.25,5258296,29500.04826,19301
538.05,9416152,51345.76732,36883
537.7,8134377,43838.61361,47482
538.1,15701682,83429.33918,80042
553.8,11437473,62904.42228,65411
548.85,7787071,42707.74079,48233
543.85,12174235,66185.79672,41524
546.15,4861274,26605.15521,13565
550.55,7026398,38792.45875,17226
549.65,5749264,31710.66761,13664
549.35,6489800,35508.04183,17526
547.5,5769753,31713.86017,17067
567.25,8030392,45212.87968,23597
571.15,7360104,41899.27166,12610
574.1,7958291,45533.34398,19275
567.9,6611328,37488.45881,15423
569.75,5098948,29094.33054,18762
591,13209690,77322.54643,28894
583.3,11126973,65081.95251,18716
589.5,9879769,58494.42448,21568
593.15,12089285,71884.77392,15716
588.55,9209878,54415.63277,15809
580.25,9499230,55348.22281,24239
582.5,6963978,40574.65458,22139
583.4,5835501,33950.17179,21670
586.55,17177795,101130.3846,40467
586.4,7531289,44034.97234,12988
589.15,12461059,73709.47209,20471
591.15,11834475,70194.53147,21600
596.85,120541914,717955.0363,72009
596.65,10204784,60943.55518,32206
599.2,7279782,43525.12521,15667
635.9,15252302,95173.99703,42595
625.1,11869960,74838.68903,27174
629.35,8039571,50347.58001,25043
613.1,9795054,60468.73329,25554
592.1,8471237,50225.56833,25564
601.8,5915220,35369.89444,19010
588.75,7145326,42091.28433,25886
602.2,19309804,116377.319,41401
594.35,5311980,31748.08827,16741
592.95,4538973,26892.66621,14659
598.9,5480087,32769.1188,16787
591.8,10205715,60969.60181,40572
557.45,30222177,171525.6466,105787
547.4,14880674,81993.11506,62863
541,9085199,49709.8421,56743
549.1,10240083,56003.28617,61100
539.3,16581655,89392.91935,87217
541.35,5781645,31239.83823,21838
550.9,5276340,28987.58775,19852
546.6,5690321,31127.04994,21111
535.7,8222912,44409.65862,24470
530.8,10646794,56347.72648,30843
533.85,7702773,41197.38402,25591
531.55,3261598,17400.04254,12113
518.8,10008090,52324.43936,28449
520.65,4314775,22445.18678,18413
519,7930102,41658.07399,31230
532.45,13532992,71135.89064,36672
535.55,10754624,57644.91223,35345
540.05,6969699,37672.87108,32592
526.1,6526349,34445.31422,32436
521.55,10660533,55587.17805,42094
529.1,7356952,38768.80622,57298
487.55,38780250,190009.4296,143214
485.65,17198496,83300.24265,78821
486.9,12688495,61916.36797,25859
487.7,937701,4581.792647,2655
475.8,10425548,49982.549,24135
476.8,9885845,46867.32121,31864
475.85,6631504,31592.13427,19581
478.7,10868004,52200.09453,31754
485.4,6990315,33946.28217,18005
490.85,7460548,36463.52234,21798
487.55,12824970,61723.43552,45508
506.95,11433458,57875.75579,52134
498.75,7085764,35512.45656,43330
479.3,11822835,57679.1941,40365
472.7,10704594,51178.60866,35406
474.1,10250008,49002.50927,28720
473.45,4572569,21711.07227,24341
465.7,6217176,29099.74447,38743
470.75,7313923,34052.98567,39838
480.5,6477616,30916.88174,52934
468.2,8199524,38652.91056,42174
471.2,4674455,21946.09733,20439
472.9,8268812,38868.72426,22884
464.65,7612624,35716.66367,19526
469.85,13575386,63359.98322,19669
466.05,7451748,34831.20005,15241
459.95,6381901,29512.70882,22206
460.75,4995436,22977.63202,18543
455.95,5465618,25048.13783,16544
447.1,7558363,34199.48613,28838
449.35,7629221,34375.43569,16877
456.4,7780448,35172.5475,26714
445.1,6849079,30662.58545,33490
452.95,8404874,37648.67827,21622
467.2,12775149,59336.44922,41313
478.1,18021627,85308.99869,51755
472.8,20477361,96951.77429,33079
467.6,3735250,17502.87175,13455
461.65,4836019,22412.92415,21711
457.7,4454408,20547.09483,15606
447.55,6540181,29336.57546,23317
438.1,9018273,39840.23769,30963
432,4494204,19371.98257,25786
437.65,4694669,20451.80055,24750
440.05,5072550,22462.51318,38659
444.25,6082573,26907.75731,34749
449.95,4616817,20783.87355,11775
447.75,3054394,13628.00099,12115
455.25,4621782,20957.16069,17494
453.1,3703873,16854.72271,12693
458.05,5829373,26725.28207,16767
455.2,4431212,20260.48015,16593
452.75,2690456,12240.48274,10583
447.35,9436151,42168.49684,32869
453.6,5678047,25721.13987,27841
455.2,5106342,23331.51503,24057
472.8,12693510,59574.12221,45802
477.25,7430300,35408.22413,28806
487.2,11331156,54776.55783,30873
488.5,8789347,42865.06347,29919
483.8,7688347,37190.35598,37049
450.75,30189779,137363.6957,113350
445,16502895,73397.42399,51794
451.25,7103963,31896.46189,43493
463.55,14328065,66041.23416,56387
472.85,8821164,41833.70882,27238
471.9,4525720,21426.52452,11771
466,10629001,49610.1959,15854
475.65,8340303,39339.35007,30125
482.55,7557596,36493.13863,27716
490.7,7134563,34786.84029,28757
498.3,8575116,42583.70811,31114
493.4,5242366,25951.59876,25882
487.6,9694192,47162.15651,27486
485.25,7938519,38743.75748,25992
488.9,10345868,50598.84994,19682
490.3,6626404,32493.74743,21741
486.9,4089031,19867.36752,19030
488.2,6242589,30483.00826,27048
493.15,5218900,25617.80033,18245
489.1,12983330,64338.16568,47898
481.05,5840632,28320.55083,32260
504.35,16440027,81071.80962,91818
525.3,20167381,104705.7114,96670
528.15,10360480,54428.40137,50123
508.95,7372140,37855.67297,20767
506.65,5799421,29453.31738,12269
513.4,7624002,39370.36709,20470
506.3,7112655,36434.97546,15479
512.9,3965255,20249.18628,14601
518.65,6994407,36180.96807,17386
511.8,6043543,30962.11674,12227
510.15,8850848,44830.02669,21706
516.4,8560015,44130.9043,19884
515.9,5494130,28336.35516,14303
510.9,7975713,41330.41017,24040
511.7,6248549,32017.58798,15088
513.65,5362177,27556.51087,15781
517.15,20296836,104882.4244,23650
502.85,4932998,24977.46894,26728
488.3,11017752,54009.50323,34065
485.45,12685275,62505.79613,65133
488.25,6942275,33817.55459,23612
489.35,5501203,27027.89975,30558
487.15,5384510,26267.97163,29950
502.8,11194711,55847.9555,80741
504.2,12677454,64164.35366,95502
499.25,8454772,42221.95915,61573
490.8,6985211,34663.05377,19600
500.6,5755303,28704.56778,21408
508.3,6595144,33329.31524,23358
508.7,9928098,50729.12678,31624
504.2,5019268,25523.60473,20277
510.75,5986936,30521.91516,20065
515.05,7406691,38017.31526,24268
506,6161411,31543.36758,25236
507.55,6216374,31517.48057,19256
502.35,4070932,20545.2367,14852
499.65,5450454,27553.6078,21054
499.5,7447021,36870.9638,24173
488,8153829,39964.93725,22166
486.25,10301245,50474.81726,32982
498.65,14182302,70126.17084,60509
516.4,13778124,69850.55405,83828
517.15,11516903,59664.54489,95633
506.6,22108735,112532.1919,126243
509.65,9287281,47422.39556,27066
505.55,7539462,38159.46552,24343
500.85,7220815,36334.86202,21836
518.85,15719994,81146.72414,58026
504.5,9440005,48082.2392,38649
511.2,6834456,34822.45185,22164
518.2,7872272,40650.38642,29615
526.35,8812464,46112.32396,44758
516.9,8962710,47141.40502,45885
503,9934430,50371.03794,50997
500.1,8806756,44293.84193,31781
501.5,8610492,43039.38307,29924
502.8,6443135,32401.54193,24199
492,9227022,45669.92829,31941
501.7,7611430,37988.99957,32081
502.3,4970982,25003.82611,31411
500.6,7549551,37760.2809,50399
499.3,7271148,36239.01991,42639
507.45,9157557,46190.22578,58859
511.45,5995136,30506.82635,22037
507.25,5441466,27619.95514,18565
514.4,4725430,24213.20429,17308
514.05,7263061,37261.74066,14373
509.3,8105813,41272.64525,12860
508.05,4474040,22793.64539,10538
513.65,3858825,19801.39067,13122
510.2,3866339,19691.53338,13205
514.2,3389166,17350.93532,12786
515.75,5980728,30924.42243,23489
513.65,3242063,16635.43219,12371
507.5,2360518,12037.31095,12789
506.45,2181945,11093.48609,10338
509.5,4648343,23588.24391,15990
507.6,3425367,17358.67327,11095
510.45,4999502,25510.90212,13940
520.15,6844723,35405.60814,26889
511.85,4388846,22609.2346,18948
507.75,4346995,22134.66123,14429
508,3463745,17681.66637,16600
504.65,3548884,17962.47623,20560
492.85,9842829,48328.87696,48908
492,12691859,62606.56806,49221
512.1,11855524,60508.81866,79014
517.35,7600005,39039.59967,19260
517.25,3701949,19198.99522,15624
508.4,4086213,20874.11115,15201
513.9,3154406,16168.29191,11900
509.5,3514758,17949.44435,11578
503.15,3509920,17722.41129,11635
509.95,1245716,6359.148846,11761
506.8,3928279,19972.89169,11528
506.75,5504892,27869.56087,8676
511.9,22231839,114046.4388,22314
512.95,3160157,16180.60559,12507
510.5,3169635,16180.81278,11925
516.55,7864083,40644.79834,35979
520.2,8119092,42174.02864,18319
540,16391849,87843.60298,74290
540.8,5567645,29965.11406,35943
534.8,4779353,25814.54595,42662
544.95,8181916,44166.88653,77107
528.85,12085057,64355.05417,105330
524.65,12290852,64743.97878,59577
515.1,8268116,42828.84793,27426
519.8,7245884,37503.28858,21622
516.55,4562630,23615.4342,14785
516.9,4079631,21210.9578,18015
506,4140945,21065.84696,18288
508.1,4972811,25242.44772,18686
505.8,5293884,26851.85274,13750
499.45,8898560,44691.19282,27302
486.95,7169705,35205.43112,27197
485.5,10095387,49243.16832,24934
489.7,9261420,45002.92507,30435
491.75,3983656,19624.55202,17622
499.5,5958229,29311.53328,23302
497.15,3948664,19709.4067,21934
490.4,4166976,20517.66459,16826
494.8,17884400,88926.82222,35326
499.2,6654272,33351.26185,25352
502.65,3288488,16515.89786,13451
506.85,7157375,36303.7293,26084
510.6,3724389,19003.20046,22665
503.6,3266295,16461.93085,22717
503.9,3972126,20106.02726,30885
500.35,4491876,22512.47522,34038
507.55,4569367,23091.94508,13926
501.75,3744616,18839.55027,16586
503.4,3216819,16219.04613,9300
492.85,4947660,24506.83373,17649
496.6,4564617,22673.51324,10078
494,3662579,18126.06053,10814
493.9,3590293,17775.12511,11291
496.5,3324949,16539.36124,16843
499.3,4430874,22123.71802,22285
519.75,15168429,78331.02849,55189
516.15,8942804,46099.75399,30672
524.55,7337260,38341.97823,29735
520.75,2386279,12408.22006,15131
519.45,8297561,43119.50124,19040
512.55,3103034,15927.49393,24437
505.3,4546160,22977.70795,20256
501.7,11921527,59201.09111,35873
511.95,5292394,26882.07978,40205
506.3,5300694,26823.72211,41517
511.8,10408979,53222.17146,44210
509.15,11578743,59223.96013,17595
509.65,10712537,54832.30104,15416
505.95,4792373,24306.49792,15324
501.2,9349884,46934.23731,16290
503.35,11343137,57272.46624,14738
505.95,3942277,19923.50381,12462
514.55,4932758,25143.34066,19764
515.75,6188165,32063.24378,25214
525.1,4800917,24934.45844,18337
529.45,6447797,34195.95109,31591
520.35,7148294,37252.61803,38666
513.15,9443230,48838.74202,57289
464.5,49308621,233505.0459,158272
460.3,3302209,15252.9911,17648
449.95,21127981,95513.19417,70407
451.95,19327721,87850.93469,61754
473,37624005,176056.9464,142871
484.3,24936306,119906.4673,79469
485.95,7576778,36846.72855,29499
484,4815226,23365.23958,19268
523.15,39655956,204527.1055,108860
535.1,22542766,121056.6748,62126
532.15,7800191,41369.87035,30061
540.1,9303981,50228.92791,28256
534.5,8013536,42883.617,26478
527.15,9642624,50903.72216,24226
544.85,19642327,106596.3653,62637
540.4,11290503,61144.28146,41599
544.8,9869691,53450.2787,39790
537.35,21701958,119530.2322,53644
545.65,10644657,57808.16827,35684
542,7814066,42581.18078,24197
542.6,5176117,28203.5604,19530
542.4,4373503,23954.82947,22603
545.15,3458524,18777.11502,16367
546.8,5770768,31388.44188,17616
540.5,4536211,24596.96077,14588
544.15,10724159,57840.96747,26664
545.5,3947490,21506.60945,16567
559.4,9301318,51666.5607,61472
562.55,10113136,56859.83692,40478
549.5,6387037,35283.21714,46415
535.4,19370807,104164.1041,52321
533.85,7138045,38243.54696,17313
534.95,4181453,22434.44914,13360
533.15,6167602,32952.944,11145
530.5,4234770,22523.06177,9962
534.05,3528298,18793.68617,12644
542.5,6007380,32526.18776,15540
545.1,5326031,29137.12576,13446
538.6,5232189,28214.20078,12631
535.75,4163419,22375.95601,12371
541.45,3558224,19141.92015,12575
547.95,6059220,33135.30927,15279
548.65,5889302,32163.85755,20766
553.65,4325512,23789.48803,15027
554.5,3534649,19523.41439,16470
548.95,5781370,31804.80607,25489
553.6,3075576,16963.47215,21308
555,3272086,18119.72347,28188
554.6,4163259,23119.39239,39681
546.85,8433564,46267.16966,44819
563.95,8363189,46639.89266,23896
565.5,6943234,39260.20654,19147
559.5,6292268,35408.7873,20491
560.45,3990149,22364.30578,12859
559.9,2766664,15511.98404,8387
563.25,3249056,18222.89242,11482
565.45,3770339,21301.23814,10791
565.3,4607504,26159.56537,15182
562.8,2411625,13575.35164,9240
558.75,2825941,15779.15952,15586
555.1,6013121,33465.34205,16112
560.55,3943472,22104.73554,17397
563.2,5993564,33663.22334,21654
585.2,8453944,48612.88786,42080
584.8,9466991,55919.09615,33834
590.25,3897048,22867.03028,24275
611.55,21790443,132359.6546,152453
620.1,14286343,88522.54747,90985
607.95,6158610,37760.09678,51429
616.1,6749846,41448.30663,45849
605.55,7017160,43063.6338,13753
593.75,6447963,38447.28786,12479
593.6,7108060,42048.93323,13092
592.8,7839731,46825.07867,31065
564.9,6185174,35547.24851,23990
566.25,9318595,52018.98676,21840
563.7,13938327,76170.79384,36960
559.35,7679830,43468.38429,22174
568.45,5816886,33156.65412,18890
557.55,5865587,32606.34337,21084
564.2,4765319,26882.14842,13790
543.9,6478108,35570.14144,22549
543.7,11593643,63015.34721,45395
537.85,3910503,21099.50927,26446
540.55,4251723,22703.77956,33661
531.7,3395183,18335.22629,39675
535.8,4638382,24646.81322,35362
530.25,7808359,41413.57705,34281
536.65,3888629,20757.5624,13200
552.3,5297794,29036.44097,15149
538.4,4136383,22462.84236,12327
528.75,6626661,34996.01152,19050
525.75,9827510,52023.66026,23039
524.55,6766199,35508.54047,17048
517.35,12240160,64193.43386,29830
512.65,10428057,53409.35464,24945
520.55,8483978,43680.98074,19652
505.35,4955525,25443.30901,16008
519.2,5283334,26992.8802,15101
531.5,7846232,41536.83863,23418
536.15,4976540,26271.07174,17573
529.65,3932830,20981.47902,16143
522.6,12146623,63814.58833,14696
519.45,4656613,24228.87364,14543
521.1,5398111,27968.30552,17796
526.3,5518826,29154.46908,17026
518.2,7194256,37472.57475,17233
499.5,29385110,147163.0016,38692
507.3,9498614,47696.8923,52379
512.2,6423140,33168.27455,45710
510.5,10980960,55801.73065,37592
499.05,7120498,35499.05659,26773
501.55,6053789,30227.08508,19522
492.25,6047813,30057.31967,23101
503.1,6682587,33370.37555,21110
500.2,3812133,19018.89025,18286
519.3,8708770,44871.50481,34814
546.15,21689156,116842.7381,73787
539.8,9261807,49980.46106,36352
548.75,8021652,43639.20869,30280
542.55,8788919,48050.72054,38270
542.4,6418203,34434.56918,26005
532.4,5541004,29658.96231,19637
518.25,7131174,37520.07708,28868
512.9,10559623,54052.41559,26647
505.7,4437940,22514.70255,22271
506.2,4766412,24140.25793,33649
504.85,4564259,23164.1519,42262
498.4,4608455,23070.4819,55781
493.75,14919977,73485.45171,77440
539.2,58859461,307487.2057,179739
517.3,18357008,95508.89152,67510
523.75,25195767,131271.1535,39534
533.4,12001916,63880.16684,39247
520.3,5929870,31097.42181,27030
536.1,6792091,36120.42958,23965
542.25,12028184,65155.64184,38665
548.5,7556830,41269.96171,29159
547.65,11415139,62574.59204,31566
553.3,4960854,27273.9138,20870
551.9,4999526,27611.21573,22602
549.7,6752759,37425.34997,30922
550,9929095,54268.22287,34016
539.45,8551787,46652.05167,25503
532.9,7343619,39283.37002,31458
526.85,4258800,22444.45551,23560
523.3,4711540,24865.75643,27985
520.25,4426060,23144.36537,21694
534.45,5188026,27382.10394,25391
538.5,4588810,24614.47505,22292
546.15,5611936,30575.62073,37039
547.75,8015443,43862.1377,45516
541.65,5919369,32040.58786,40284
545.9,15652651,84882.34973,46340
536.65,4061137,21869.5923,18992
537.05,4291186,22983.24929,19105
530.9,5088506,27047.16236,20021
531.4,5281259,28061.68847,13327
542.4,6932191,37737.34239,28458
537.4,4627913,24933.66098,12525
539.95,4095873,22021.15546,14601
537.15,3320721,17893.79912,14529
540.65,5924906,32375.45331,27570
532,3736633,19938.12604,19982
528.75,7854953,41305.61924,31653
522.55,3711213,19462.93727,19528
517.2,6483110,33577.30761,22250
519.1,4555002,23810.22141,22086
513.05,4856050,25026.75106,20265
525.65,5932446,30804.32383,30633
515.2,4882240,25324.17685,23422
514.2,4505122,23207.83474,45091
507.85,5659070,28736.23135,49195
504.6,4854274,24699.95935,41407
510.8,7747444,39188.67363,20163
512.25,6799910,34557.35454,15760
511.55,6658467,34335.44947,16277
514.75,3893493,19942.43263,12098
511,2692462,13781.83894,9493
513.7,2706424,13918.51521,8803
525.25,6295104,33081.02238,18564
532.55,5281760,28068.27862,21378
536.55,6432494,34567.92475,26021
538.35,4128221,22353.73254,23295
523,4169212,21946.38521,23169
522.1,5032325,26345.68771,21775
537.9,4511522,23917.75518,23618
526.55,4954888,26199.02402,29766
526.8,5276418,27973.50087,33366
533.7,2532288,13477.25708,18026
540.35,6009401,32370.09715,37513
546.1,6171893,33536.62448,46914
532.25,3341114,18043.54397,46911
541.65,7920089,42505.8483,44626
553.25,7678597,42288.70792,27044
569.65,12949737,72959.51105,53032
550.4,21735293,122646.6432,85173
545.15,6871812,37418.39673,33526
547.25,6495837,35402.14303,27590
574.75,15953749,90057.80408,62177
596.8,22629303,134230.1239,88039
593.05,16424853,97688.27549,67518
596.3,7138029,42366.35939,31445
621.05,18227195,111727.2978,71316
615.5,16074351,99154.49624,43429
604.9,8445677,51518.6119,34308
618.05,10225641,63121.07419,41757
623.45,18777302,117755.1035,60256
627.3,13411536,84034.11447,49245
624.4,6463139,40463.3933,27760
635.75,15522297,96975.73611,65179
631.75,12699837,80745.17888,61018
639.9,15035968,95999.36309,71248
650.2,9819034,63674.52024,67103
660.05,9886447,64526.64231,82886
656.9,13329261,88342.60472,91395
649.75,14868623,96599.51719,83421
649.25,10207700,66160.08894,35484
631.8,6494484,41482.47645,31063
641.8,9305124,59052.51786,48542
637.65,8837398,56421.82257,34592
638.2,10026621,63441.21074,35897
645.55,6999943,44947.71248,29631
651.75,32430222,214512.2622,105065
650.15,19162102,125806.2686,51510
635.45,14448365,92329.1653,54646
636.4,12083354,76859.55912,33573
625.95,6644742,41613.08314,32784
608.6,10724450,66380.23759,45700
608.8,9373364,57292.71245,48698
599.2,24788799,152364.7767,90128
597.35,11998797,71733.3413,53510
614.35,17515392,106639.2172,86309
617.45,8725133,53987.00373,55254
600.15,9683836,58642.56313,60162
613.25,16754620,101558.6457,31646
593.45,20117451,119013.4772,40679
572.25,18385327,106908.2743,27784
586.25,16877024,97170.65465,38994
568.5,9860010,57048.1649,28472
556.55,12918017,72426.02081,30923
552.85,8053297,44888.16245,22272
589.2,13695001,79050.4407,37503
580.85,11223315,64384.44203,34081
584.9,10689006,62999.8175,25620
576.55,5065325,29106.44653,20659
588.85,13083651,76820.27528,28596
576.05,9609195,55558.88342,34140
562.55,12664549,71735.56642,34808
562.05,10235243,57850.62082,38452
562.75,9513054,53508.68038,50473
564.1,9759225,55235.51213,50172
561.05,13041860,72854.06738,38294
537.7,9229395,50469.29199,24817
566.7,15917739,89889.50349,37662
562.7,8522604,48114.97766,19560
582.4,12135088,69415.96404,29369
602.15,16048865,95574.06153,38900
610.65,12488669,76416.41686,40925
624.4,24201213,151345.7344,63460
607.45,15354794,93776.63628,49156
606.85,1528117,9297.228001,4717
613.2,13927467,85583.47858,37030
606.55,7073703,43274.25547,23986
618.3,8938939,54843.11703,25869
612.7,9840254,60434.57421,33580
626.1,11005288,68617.88983,47677
619.8,12204545,76299.97833,51171
616.3,9046876,55486.93657,33734
612.65,6658508,40885.06964,31678
626.85,7842430,48742.68992,40293
614.55,6946666,43116.41632,29900
631.05,9528169,59533.92196,43683
625.25,11251342,70825.72934,65281
627.95,9035388,56714.4724,56506
631.4,19643832,123861.2715,73377
625.75,8984998,56376.24533,17338
624.8,5914250,36993.08298,14341
623.25,8382005,52093.0497,15383
614.95,9728083,60174.56517,18551
600.05,7519849,45593.87206,26279
603.95,12262327,73817.47101,28861
590.3,11643401,69070.79049,29199
604.25,16429956,98613.56118,44581
619.95,7232578,44300.70605,26658
619.1,7419355,46023.60155,18918
620.25,4165047,25660.7582,17649
617.15,4843342,29962.95236,13948
619.4,8492688,52516.35398,19012
641.65,16759139,106954.8724,65709
632.95,11004125,69882.07461,36740
620.85,10715457,67184.16632,46888
615,6191605,38397.29714,45832
619.5,6519211,40142.15613,57152
617.55,12304812,76329.20007,40789
625.05,6372911,39800.57103,14247
619.9,6030093,37644.58569,14991
627.3,12179223,76094.6013,16527
620.05,12386281,77205.4578,20231
607.95,13228602,80928.34256,21714
619.6,8381367,51786.78151,26836
637.45,11735286,74630.59202,35896
650.9,11879875,76156.1964,33678
670.1,18003387,119507.9476,56764
663.25,12751327,84309.13485,32745
666.5,8330315,55260.28014,28910
659.2,6856244,45073.3598,29223
660.6,5467484,36109.56494,23936
664,6598151,43940.97681,31548
676.65,10448209,70174.05684,45329
664.6,7037386,46990.45283,35000
660.3,6157956,40706.42712,25121
661.6,7951640,52379.05158,28531
661.6,7596006,50431.00579,27793
663.65,7013582,46303.68103,21824
669.75,6628922,44512.94115,35341
656.3,7792690,51275.54138,45328
660.75,8302420,54563.98539,64614
690.95,46912230,324951.4252,182306
722.7,35239544,250952.6969,174518
717.25,13792059,98911.22545,50897
720.5,8195956,58682.40289,27701
729.5,8665426,63019.93951,32821
725.75,8077340,58641.74253,36048
730.15,7203465,52543.85373,39720
719.4,7341956,53079.92204,38652
710.85,7234953,51443.37214,30928
705.6,15856819,112053.0175,62017
697.5,11399689,80111.67259,43739
695,10383603,72449.10836,41919
686.6,10866440,74951.56929,45791
693.3,7135564,49183.4874,36313
693.05,6816325,47719.82897,43964
700.35,5772687,40406.56199,27962
697.2,6674353,46714.69809,29986
702.05,9822278,68679.2697,41532
703.7,11428024,80107.69041,37712
710.15,9166951,64626.29205,71486
718.2,13284424,95658.29897,85775
709.55,26230891,186255.3065,53569
702.4,7713824,54402.12646,21173
732.05,11298428,81242.61898,39055
720.6,10510670,75809.82553,32469
733.75,11263734,82243.38081,40951
733.4,7744794,56776.54298,27255
734.5,9421608,69568.07669,33685
742.55,8131901,60476.68123,32391
738,12333789,91591.72128,39878
740.6,7100875,52760.74192,29211
735.1,14560368,107703.3768,32519
751.6,9823043,73514.54663,53676
760.9,8818172,66576.8779,32443
755.75,9758274,74166.45779,31524
757.05,10355078,78828.15844,37714
745.7,7130411,53228.63607,36523
757.1,7300104,54610.29862,48188
759.3,7456768,56945.55717,54867
780.7,16643818,129026.8618,57644
777.25,9661906,74871.20155,22314
765.6,6021202,46591.82515,22740
767.4,6592678,50601.27917,21695
761.5,5591613,42796.76454,17809
762.15,7009879,53639.13731,20746
762.2,5343947,40733.16211,16399
754.6,4918795,37174.94937,23001
763.4,5483424,41490.89499,19723
760.85,5933250,45259.37366,18304
752.3,5365803,40453.63079,21344
764.35,4671869,35487.78412,25996
762.85,3707106,28381.98197,17882
771.1,7088601,54683.03632,27255
771.2,6098041,47162.55978,23218
755.5,4185156,31675.81908,37009
753.25,5098170,38457.87604,51298
752.85,7825049,58509.93024,63611
740.9,10282068,76908.14959,84796
759.9,23294204,176303.1711,62298
766.85,12434805,95087.70904,27901
752.35,7033021,53399.31628,20904
757.3,5970814,45307.60325,16449
747.45,5909936,44241.31034,15128
741.85,5071941,37962.25621,17523
735.5,6739894,49712.1117,17436
731,4193451,30804.96796,15371
735.05,3913815,28794.27747,14581
732.1,5891071,43401.74009,16038
731.35,7049134,51583.46976,20693
721.95,4849130,35340.36435,19188
731.85,5142617,37423.6132,18312
748.95,9072242,67152.20275,28211
782.4,15866697,123432.0834,39961
772.95,9251548,72298.97982,21861
779.15,5928186,46212.35267,20647
776.4,14776218,116798.8401,47288
793.2,9323114,73488.80474,31899
813.9,9128216,73406.03751,55291
808.4,13473187,109041.5753,56230
804.7,5958128,48038.3641,40376
807.55,6414384,51867.71702,43261
808.3,11140585,90337.92706,25039
812.65,6427567,51994.79458,15920
822.8,9515354,77870.0416,29728
807.7,14728937,120150.9082,31872
804,6884094,55526.53776,21089
814.15,5923875,48089.02065,17046
814.8,5471529,44575.11353,14424
813.55,4707478,38213.82922,11250
820.15,9056584,74030.67205,22921
801.2,8919370,72293.88143,39623
777.7,10151212,79549.36667,35450
775.75,8347632,64992.00201,27677
770.7,6411258,49942.43347,30476
771.4,9190732,70407.34439,35735
771.05,12610688,97150.45079,33795
762.85,4866859,37316.2708,30375
781.65,10044436,77443.61638,64019
